City,Country,Lat,Lng,Max Temp,Humidity,Cloudiness,Wind Speed,Current Description
Jamestown,US,42.097,-79.2353,19.77,55,75,6.17,broken clouds
Tuktoyaktuk,CA,69.4541,-133.0374,-15,72,75,5.66,broken clouds
Provideniya,RU,64.3833,-173.3,-6.8,91,100,8.34,overcast clouds
Kailua,US,21.4022,-157.7394,23.41,83,100,6.91,overcast clouds
Cidreira,BR,-30.1811,-50.2056,21.75,79,94,4.19,overcast clouds
Altamira,BR,-3.2033,-52.2064,29.05,74,75,2.57,broken clouds
Kavaratti,IN,10.5669,72.642,29.39,69,100,2.93,heavy intensity rain
Srivardhan,IN,18.0333,73.0167,28.67,63,78,1.32,broken clouds
Erie,US,42.7667,-78.6664,21.26,64,59,4.02,broken clouds
Guerrero Negro,MX,27.9769,-114.0611,13.5,72,0,2.66,clear sky
Vaini,TO,-21.2,-175.2,23.09,88,20,1.54,few clouds
Munteni Buzau,RO,44.6333,26.9833,15.47,28,32,3.31,scattered clouds
Batagay-Alyta,RU,67.8006,130.4114,-19.9,100,100,1.47,overcast clouds
Albany,US,42.6001,-73.9662,12.54,62,100,1.88,overcast clouds
Punta Arenas,CL,-53.15,-70.9167,12.06,66,40,11.32,scattered clouds
Omboue,GA,-1.5746,9.2618,28.88,69,100,4.52,overcast clouds
Barrow,US,71.2906,-156.7887,-20.99,77,0,1.54,clear sky
San Rafael,AR,-34.6177,-68.3301,18.91,27,0,1.6,clear sky
Pisco,PE,-13.7,-76.2167,20.03,73,0,2.57,clear sky
Livingstone,ZM,-17.8419,25.8543,28.66,55,96,2.01,overcast clouds
Morgan City,US,29.6994,-91.2068,25.56,88,0,6.17,clear sky
Tura,IN,25.5198,90.2201,24.38,85,94,1.71,overcast clouds
Tunduma,TZ,-9.3,32.7667,20.03,83,72,0.8,moderate rain
Thompson,CA,55.7435,-97.8558,-6.91,86,100,6.17,overcast clouds
Hermanus,ZA,-34.4187,19.2345,21.56,84,100,5.04,overcast clouds
Sarangani,PH,5.4033,125.4636,28.19,80,94,7.38,overcast clouds
Karratha,AU,-20.7377,116.8463,28.15,51,34,2.81,scattered clouds
Guisa,CU,20.255,-76.5386,27.04,60,3,3.04,clear sky
Ust-Karsk,RU,52.7011,118.8077,-0.98,60,56,0.1,broken clouds
Roebourne,AU,-20.7833,117.1333,28.29,46,49,2.93,scattered clouds
Souillac,MU,-20.5167,57.5167,25.21,94,75,8.75,light rain
Moyeuvre-Grande,FR,49.2517,6.0475,22.1,50,52,1.34,broken clouds
Chokurdakh,RU,70.6333,147.9167,-27.76,100,81,1.82,broken clouds
Corrientes,AR,-27.4806,-58.8341,22.23,61,0,8.23,clear sky
Atuona,PF,-9.8,-139.0333,25.53,81,52,8.1,light rain
Cape Town,ZA,-33.9258,18.4232,22.84,76,20,8.23,few clouds
Bethel,US,41.3712,-73.414,17.05,36,75,2.06,broken clouds
Ushuaia,AR,-54.8,-68.3,6.81,70,75,2.06,broken clouds
Puerto Ayora,EC,-0.7393,-90.3518,26.98,83,78,3.1,broken clouds
Potanino,RU,55.1786,61.6222,12.13,54,40,3,scattered clouds
Felanitx,ES,39.4696,3.1483,15.53,84,100,6.78,overcast clouds
Rikitea,PF,-23.1203,-134.9692,25.71,71,1,7.97,clear sky
Mataura,NZ,-46.1927,168.8643,5.82,98,11,0.76,few clouds
Ola,RU,59.5833,151.2833,-8.9,69,100,4.91,overcast clouds
Saint-Philippe,RE,-21.3585,55.7679,24.77,89,82,6.87,light rain
Shenjiamen,CN,29.9576,122.298,14.16,97,100,8.56,moderate rain
Northam,GB,51.0333,-4.2167,15.37,86,30,3.65,scattered clouds
Tutin,RS,42.9903,20.3314,16.07,37,7,1.99,clear sky
Gat,IL,31.61,34.7642,21.89,18,95,5.66,overcast clouds
Hilo,US,19.7297,-155.09,21.82,89,75,1.79,broken clouds
Busselton,AU,-33.65,115.3333,14.53,78,0,5.41,clear sky
Hithadhoo,MV,-0.6,73.0833,29.19,71,27,6.32,scattered clouds
Pangkalanbuun,ID,-2.6833,111.6167,23.97,94,100,0.85,overcast clouds
Bredasdorp,ZA,-34.5322,20.0403,21.99,66,100,6.22,overcast clouds
Vavozh,RU,56.7751,51.931,4.47,100,100,1.85,overcast clouds
Sitka,US,57.0531,-135.33,-1.06,43,0,0,clear sky
Upernavik,GL,72.7868,-56.1549,-15.27,88,100,3.92,overcast clouds
Port Alfred,ZA,-33.5906,26.891,24.54,82,4,0.89,clear sky
Tolaga Bay,NZ,-38.3667,178.3,13.44,92,100,11.26,overcast clouds
Port Lincoln,AU,-34.7333,135.8667,19.96,70,100,5.82,light rain
Sola,VU,-13.8833,167.55,27.75,75,30,5.68,scattered clouds
Mayya,RU,61.7333,130.2811,-4.38,98,100,1,overcast clouds
Lodja,CD,-3.4833,23.4333,35.21,35,87,1.71,overcast clouds
Victoria,HK,22.2855,114.1577,26.21,87,96,2.24,overcast clouds
Avarua,CK,-21.2078,-159.775,24.03,100,40,1.03,scattered clouds
Yellowknife,CA,62.456,-114.3525,-20.25,71,20,2.57,few clouds
Arraial Do Cabo,BR,-22.9661,-42.0278,29.98,66,0,7.2,clear sky
Lebu,CL,-37.6167,-73.65,12.31,63,1,7.61,clear sky
Tiznit,MA,29.5833,-9.5,18.25,53,3,4.86,clear sky
Sayyan,YE,15.1718,44.3244,24.1,14,34,4.92,scattered clouds
Port Hedland,AU,-20.3167,118.5667,27.03,50,4,3.6,clear sky
Svetlyy Yar,RU,48.4748,44.781,8.51,65,100,9.88,overcast clouds
Codrington,AU,-38.2667,141.9667,11.65,91,0,3.8,clear sky
Lavrentiya,RU,65.5833,-171,-10.38,89,77,5.15,broken clouds
Marawi,PH,7.9986,124.2928,21.06,92,93,0.73,overcast clouds
Polyarnyy,RU,69.1989,33.4478,-0.75,75,90,0.55,overcast clouds
Faanui,PF,-16.4833,-151.75,27.64,71,6,7.1,clear sky
Hobart,AU,-42.8794,147.3294,11.92,80,2,4.12,clear sky
Bilma,NE,18.6853,12.9164,40.8,4,17,5.15,few clouds
Gumla,IN,23.05,84.55,33.83,13,99,2.57,overcast clouds
Mount Isa,AU,-20.7333,139.5,28.87,26,4,3.09,light rain
Bengkulu,ID,-3.8004,102.2655,26.21,80,18,1.47,few clouds
Qaanaaq,GL,77.484,-69.3632,-16.64,93,100,1.88,overcast clouds
Kang,BW,-23.6752,22.7876,28.71,24,7,3.27,clear sky
Tabory,RU,58.5198,64.5495,5.86,91,19,3.78,few clouds
Saskylakh,RU,71.9167,114.0833,-22.99,100,95,2.38,overcast clouds
Flinders,AU,-34.5833,150.8552,15.66,93,80,1.79,light rain
Cairns,AU,-16.9167,145.7667,25.97,73,40,5.14,scattered clouds
Hirara,JP,24.8,125.2833,23.66,87,32,6.13,scattered clouds
Port Blair,IN,11.6667,92.75,29.02,79,20,1.03,mist
Katsuura,JP,35.1333,140.3,18.22,96,16,3.82,few clouds
Alofi,NU,-19.0595,-169.9187,21.94,100,9,0.51,clear sky
Pokhara,NP,28.2333,83.9833,23.66,57,29,2.43,scattered clouds
Ambon,ID,-3.6954,128.1814,27.23,77,99,0.23,overcast clouds
Shafranovo,RU,53.9667,54.7667,8.68,72,98,2.78,overcast clouds
Biloela,AU,-24.4167,150.5,18.72,88,0,1.94,clear sky
New Norfolk,AU,-42.7826,147.0587,11.72,67,4,1.43,clear sky
Longonjo,AO,-12.9067,15.2533,21.46,78,94,1.13,light rain
Abancay,PE,-13.6339,-72.8814,17.15,73,67,0.43,broken clouds
Sligo,IE,54.2697,-8.4694,17.05,82,75,0.51,broken clouds
Constitucion,CL,-35.3333,-72.4167,14.23,45,6,3.13,clear sky
Kaitangata,NZ,-46.2817,169.8464,5.79,91,5,2.33,clear sky
Pangai,TO,-19.8,-174.35,27.4,73,4,4.99,clear sky
Narsaq,GL,60.9167,-46.05,11.12,55,100,2.23,overcast clouds
Hakkari,TR,37.5833,44.1667,8.88,46,40,10.29,scattered clouds
Cascais,PT,38.6979,-9.4215,20.28,62,40,7.72,scattered clouds
Yar-Sale,RU,66.8333,70.8333,1.2,100,100,1.21,light snow
Butaritari,KI,3.0707,172.7902,27.59,77,10,6.75,clear sky
San Ramon,US,37.7799,-121.978,7.97,86,0,1.54,clear sky
Smidovich,RU,48.6,133.8167,0.46,80,42,2.37,scattered clouds
Necochea,AR,-38.5473,-58.7368,14.52,49,3,5.37,clear sky
Aklavik,CA,68.2191,-135.0107,-10,85,100,4.12,light snow
Bluff,NZ,-46.6,168.3333,6,81,62,5.58,light rain
Isangel,VU,-19.55,169.2667,25.2,85,10,2.19,clear sky
Ribeira Grande,PT,38.5167,-28.7,16.22,88,75,10.29,broken clouds
Tuyen Quang,VN,21.8233,105.2181,25.26,75,0,0.16,clear sky
Manoel Urbano,BR,-8.8389,-69.2597,26.98,85,97,1.25,overcast clouds
Pitsunda,GE,43.1592,40.3378,7.88,74,100,2.41,overcast clouds
Sinnamary,GF,5.3833,-52.95,26.41,84,37,6.37,scattered clouds
Kitimat,CA,54.0524,-128.6534,-3.79,62,36,2.72,scattered clouds
Ponta Do Sol,PT,32.6667,-17.1,20.35,77,57,0.49,broken clouds
Sao Mateus,BR,-18.7161,-39.8589,31.36,54,29,0.89,scattered clouds
Cabanas,CU,22.9758,-82.9219,26.67,64,63,5.43,broken clouds
Patiya,BD,22.2931,91.9762,28.97,79,40,4.12,scattered clouds
Airai,TL,-8.9266,125.4092,15.77,94,100,1.01,overcast clouds
Carutapera,BR,-1.195,-46.02,27.69,84,66,3.42,broken clouds
Cabo San Lucas,MX,22.8909,-109.9124,21.4,62,18,3.77,few clouds
College,US,64.8569,-147.8028,-3.56,78,40,0,scattered clouds
Portland,US,45.5234,-122.6762,3.53,94,100,3.13,overcast clouds
Jilin,CN,43,126,8,40,100,2.87,overcast clouds
Norman Wells,CA,65.282,-126.8329,-19.98,71,20,1.03,few clouds
Clyde River,CA,70.4692,-68.5914,-21.87,84,75,0,broken clouds
Kodiak,US,57.79,-152.4072,3.73,65,40,5.14,scattered clouds
Mombetsu,JP,44.3525,143.3525,-0.38,81,100,1.38,overcast clouds
Dubovskoye,RU,47.4092,42.7575,8.86,66,100,8.44,overcast clouds
Kapaa,US,22.0752,-159.319,22.18,96,100,1.54,overcast clouds
Nueve De Julio,AR,-35.4444,-60.8831,15.34,49,1,3.72,clear sky
Pemba,MZ,-12.974,40.5178,27.9,73,98,4.62,overcast clouds
Prijepolje,RS,43.3719,19.6406,16.8,41,8,2.09,clear sky
Port Moresby,PG,-9.4431,147.1797,23.68,100,40,1.54,scattered clouds
Vanderhoof,CA,54.0166,-124.0198,-11.49,66,18,1.36,few clouds
Conde,BR,-7.2597,-34.9075,29.7,62,75,1.54,broken clouds
Mananjary,MG,-21.2167,48.3333,24.59,87,5,3.89,moderate rain
Hong Gai,VN,20.956,107.0946,24.95,89,0,1.24,clear sky
Pevek,RU,69.7008,170.3133,-18.95,92,97,1.34,overcast clouds
Lorengau,PG,-2.0226,147.2712,27.34,77,8,3.32,clear sky
Tefe,BR,-3.3542,-64.7114,28.06,89,40,2.06,scattered clouds
Nuuk,GL,64.1835,-51.7216,-2.66,74,0,4.12,clear sky
Sorland,NO,67.667,12.6934,2.92,87,100,2.57,overcast clouds
Denpasar,ID,-8.65,115.2167,28.81,79,20,3.09,few clouds
Turayf,SA,31.6725,38.6637,24.14,15,0,3.09,clear sky
Vanavara,RU,60.34,102.2797,-1.02,92,100,6.51,light snow
Fresnillo,MX,23.1667,-102.8833,10.75,42,1,5.18,clear sky
Vila Franca Do Campo,PT,37.7167,-25.4333,18.23,78,63,10.61,broken clouds
Edgewater,US,28.9889,-80.9023,25.61,78,40,3.09,scattered clouds
Tupik,RU,54.4253,119.9327,-7.66,88,67,0.56,broken clouds
Vitoria Da Conquista,BR,-14.8661,-40.8394,29.29,48,50,0.34,scattered clouds
Khatanga,RU,71.9667,102.5,-7.39,96,100,4.13,snow
Xinzhi,CN,36.4989,111.7047,18.01,16,99,2.57,overcast clouds
Georgetown,MY,5.4112,100.3354,28.86,84,20,1.54,thunderstorm
Sakaiminato,JP,35.55,133.2333,12.99,100,100,6.17,light intensity drizzle
Mar Del Plata,AR,-38.0023,-57.5575,16.01,59,0,5.14,clear sky
Hambantota,LK,6.1241,81.1185,26.19,94,40,2.06,scattered clouds
Nanortalik,GL,60.1432,-45.2371,3.33,73,98,2.08,overcast clouds
Leningradskiy,RU,69.3833,178.4167,-21.19,97,76,5.12,broken clouds
Tateyama,JP,34.9833,139.8667,18.39,94,19,4.8,few clouds
Chokwe,MZ,-24.5333,32.9833,32.87,35,90,3.75,overcast clouds
Axim,GH,4.8699,-2.2405,28.25,73,100,5.06,overcast clouds
Ulladulla,AU,-35.35,150.4667,15.5,88,5,2.72,clear sky
Kudahuvadhoo,MV,2.6708,72.8944,29.09,75,100,7.03,overcast clouds
Bhanjanagar,IN,19.9333,84.5833,32.52,40,30,1.8,light rain
Kolvereid,NO,64.8655,11.6047,9.49,77,44,2.49,scattered clouds
Mayumba,GA,-3.432,10.6554,27.91,76,64,4.55,broken clouds
Castro,BR,-24.7911,-50.0119,19.22,94,100,2.44,overcast clouds
Nakhon Phanom,TH,17.3333,104.4167,29.93,42,20,1.51,few clouds
Byron Bay,AU,-28.65,153.6167,16.94,82,100,4.7,light rain
Vanimo,PG,-2.6741,141.3028,26.01,81,6,1.99,clear sky
Nioro,GM,13.35,-15.75,37.37,15,94,3.84,overcast clouds
Sao Gabriel Da Cachoeira,BR,-0.1303,-67.0892,29.06,68,88,1.31,overcast clouds
Saint George,US,37.1041,-113.5841,4.68,29,0,2.57,clear sky
Morehead,US,37.2711,-87.1764,19.32,97,100,7.72,light rain
Lazaro Cardenas,MX,17.9583,-102.2,24.38,81,100,1.58,overcast clouds
Asau,RO,46.4333,26.4,12.75,32,34,4.27,scattered clouds
Cayenne,GF,4.9333,-52.3333,28.02,1,75,5.66,broken clouds
Abapo,BO,-18.8333,-63.4667,18.35,99,100,0.99,overcast clouds
Hong,DK,55.5117,11.2903,15.04,69,100,6.31,overcast clouds
Baykit,RU,61.67,96.37,1.43,90,100,5.48,overcast clouds
Arki,IN,31.15,76.9667,23.34,18,17,2.43,few clouds
Haukipudas,FI,65.1765,25.3523,6.03,74,100,1.21,overcast clouds
Mana,GF,5.6592,-53.7767,27.08,79,23,5.74,few clouds
Ahuimanu,US,21.4447,-157.8378,23.25,80,40,3.6,scattered clouds
Fortuna,US,40.5982,-124.1573,7.03,93,75,3.09,broken clouds
Saint-Joseph,RE,-21.3667,55.6167,24.21,85,89,6.97,light rain
Rio Grande,BR,-32.035,-52.0986,23.06,63,100,3.8,overcast clouds
Troitsko-Pechorsk,RU,62.7084,56.1964,3.07,100,100,2.34,overcast clouds
Grindavik,IS,63.8424,-22.4338,8.97,71,100,12.35,light rain
Kyren,RU,51.6828,102.1408,-4.31,71,100,0.15,overcast clouds
Port Elizabeth,ZA,-33.918,25.5701,22.83,80,20,4.63,few clouds
Nogliki,RU,51.8333,143.1667,-9.64,96,51,2.81,broken clouds
Lakes Entrance,AU,-37.8811,147.981,12.71,89,8,2.59,clear sky
Adrar,MR,20.5022,-10.0711,33.74,11,19,4.74,few clouds
Boysun,UZ,38.2061,67.1986,19.37,37,0,1.63,clear sky
Esperance,AU,-33.8667,121.9,17.91,88,93,7.78,overcast clouds
Lamu,KE,-2.2717,40.902,30.12,69,10,5.24,clear sky
Ostrovnoy,RU,68.0531,39.5131,-1.74,83,100,1.95,overcast clouds
Slavutych,UA,51.5196,30.7343,4.31,90,100,6.65,overcast clouds
Geraldton,AU,-28.7667,114.6,18.23,82,0,4.63,clear sky
San Rafael Del Sur,NI,11.8485,-86.4384,27.54,60,82,6.71,broken clouds
Tupiza,BO,-21.45,-65.7167,15.52,8,0,2.56,clear sky
Ancud,CL,-41.8697,-73.8203,12.9,78,39,1.48,scattered clouds
Pangody,RU,65.85,74.4859,1.33,100,100,3.94,overcast clouds
Richards Bay,ZA,-28.783,32.0377,25.98,64,71,3.51,broken clouds
Biltine,TD,14.5333,20.9167,40.3,8,2,3.3,clear sky
Saint-Augustin,CA,51.226,-58.6502,1.31,99,100,2.15,overcast clouds
Margate,GB,51.3813,1.3862,17.71,79,77,4.69,broken clouds
San Quintin,MX,30.4833,-115.95,12.75,61,0,3.37,clear sky
Iqaluit,CA,63.7506,-68.5145,-17.15,64,20,8.75,few clouds
Kathmandu,NP,27.7167,85.3167,23.12,68,75,3.09,thunderstorm
Belaya Gora,RU,68.5333,146.4167,-24.51,100,98,1.31,overcast clouds
Bathsheba,BB,13.2167,-59.5167,29.34,61,40,11.32,scattered clouds
Cradock,ZA,-32.1642,25.6192,24.83,35,65,2.52,broken clouds
Nador,MA,35.174,-2.9287,20.04,68,40,8.23,scattered clouds
Christchurch,NZ,-43.5333,172.6333,8.3,87,9,0.51,clear sky
Namatanai,PG,-3.6667,152.4333,26.8,79,25,3.27,scattered clouds
Fukue,JP,32.6881,128.8419,16.18,87,100,10.58,light rain
San Cristobal,VE,7.7669,-72.225,23.1,45,75,4.26,broken clouds
Kimbe,PG,-5.5502,150.1429,24.37,93,51,1.46,broken clouds
Qaqortoq,GL,60.7167,-46.0333,5.68,55,100,1.85,overcast clouds
Royan,FR,45.6285,-1.0281,17.68,66,100,2.5,overcast clouds
Dikson,RU,73.5069,80.5464,-2.36,91,100,6.82,overcast clouds
Galesong,ID,-5.3166,119.3661,27.01,73,63,1.86,broken clouds
Kidal,ML,18.4411,1.4078,39.67,4,100,6.64,overcast clouds
Torquay,GB,50.4638,-3.5143,16.03,64,58,3.13,broken clouds
Dingle,PH,10.9995,122.6711,24.46,87,100,0.68,overcast clouds
Vegreville,CA,53.5001,-112.0518,-11.61,72,100,5.66,overcast clouds
Saint Simons,US,31.1352,-81.3901,24.03,72,0,6.17,clear sky
Longyearbyen,SJ,78.2186,15.6401,-5.09,86,100,3.6,light shower snow
Amahai,ID,-3.3333,128.9167,26.46,82,98,1.93,overcast clouds
Dunhua,CN,43.3725,128.2425,4.32,50,64,1.64,broken clouds
Porto Novo,BJ,6.4965,2.6036,30.9,60,100,4.78,overcast clouds
Saldanha,ZA,-33.0117,17.9442,22.03,88,100,6.98,overcast clouds
Veraval,IN,20.9,70.3667,28.15,75,0,5.96,clear sky
Shaunavon,CA,49.6501,-108.4181,-11.12,87,100,8.1,light snow
Talnakh,RU,69.4865,88.3972,0.67,99,100,4.97,light snow
Anadyr,RU,64.75,177.4833,-1.72,86,40,10,light snow
Palasa,IN,18.7667,84.4167,28.5,74,99,5.56,overcast clouds
Sunndalsora,NO,62.6754,8.5515,4.96,94,100,1.52,overcast clouds
Sioux Lookout,CA,50.1001,-91.917,0.04,64,100,5.66,overcast clouds
Yulara,AU,-25.2406,130.9889,30.91,22,99,4.12,overcast clouds
Grants Pass,US,42.439,-123.3284,4.73,92,75,0,broken clouds
Pedasi,PA,7.5333,-80.0333,27.26,75,100,7.31,overcast clouds
North Augusta,US,33.5018,-81.9651,22.3,70,0,4.12,clear sky
Tiksi,RU,71.6872,128.8694,-25.24,100,100,1.55,overcast clouds
Nikolskoye,RU,59.7035,30.7861,9.37,65,10,3.34,clear sky
Kulhudhuffushi,MV,6.6221,73.07,29.14,74,99,6.07,heavy intensity rain
Lufilufi,WS,-13.8745,-171.5986,22.88,73,6,5.95,clear sky
Torbay,CA,47.6666,-52.7314,3.49,92,100,7.72,light intensity drizzle
Severo-Kurilsk,RU,50.6789,156.125,-1.36,92,100,5.76,light snow
Aras,ES,42.5617,-2.356,17.23,42,40,4.12,scattered clouds
Khasan,RU,42.4308,130.6434,5.35,54,100,1.12,overcast clouds
Kikwit,CD,-5.041,18.8162,29.81,59,98,1.94,overcast clouds
Shimoda,JP,34.6667,138.95,18.95,96,68,3.14,broken clouds
Hofn,IS,64.2539,-15.2082,5.01,75,100,3.09,overcast clouds
Half Moon Bay,US,37.4636,-122.4286,8.79,86,0,2.57,clear sky
Straumen,NO,63.8709,11.2999,9,70,45,0.28,scattered clouds
Manggar,ID,-2.8833,108.2667,27.92,68,73,2.27,broken clouds
Mount Gambier,AU,-37.8333,140.7667,10.95,93,38,2.57,scattered clouds
Kutum,SD,14.2,24.6667,33.55,8,2,4.35,clear sky
Raudeberg,NO,61.9875,5.1352,9.37,64,100,6.97,overcast clouds
La Rioja,ES,42.25,-2.5,14.88,65,100,3.34,overcast clouds
Kavieng,PG,-2.5744,150.7967,27.7,78,92,4.29,light rain
Westport,US,41.1415,-73.3579,17.75,71,75,3.09,broken clouds
Itarema,BR,-2.9248,-39.9167,29.03,70,84,3.77,broken clouds
Nokaneng,BW,-19.6667,22.2667,31.48,24,97,2.36,overcast clouds
Nhulunbuy,AU,-12.2333,136.7667,27.34,94,40,2.06,scattered clouds
Cap Malheureux,MU,-19.9842,57.6142,26.37,82,27,4.02,scattered clouds
Alkhan-Churt,RU,43.35,44.78,6.7,72,100,2.62,overcast clouds
Yerbogachen,RU,61.2767,108.0108,-2.23,94,100,7.22,snow
Daitari,IN,21.1,85.75,28.18,53,99,2.12,overcast clouds
East London,ZA,-33.0153,27.9116,23.52,88,20,3.6,few clouds
Jackson,US,42.4165,-122.8345,3.93,90,100,2.06,light rain
Pong,TH,19.1493,100.2752,29.51,29,1,0.91,clear sky
Grand Gaube,MU,-20.0064,57.6608,26.32,82,30,4.02,scattered clouds
Juneau,US,58.3019,-134.4197,0,100,20,7.2,few clouds
Ostersund,SE,63.1792,14.6357,7.56,45,0,2.57,clear sky
Baghpat,IN,28.95,77.2167,36.04,10,69,3.77,broken clouds
Sembakung,ID,3.8167,117.25,23.75,99,100,0.3,overcast clouds
Macau,MO,22.2006,113.5461,27.7,88,20,2.57,few clouds
Chapais,CA,49.7834,-74.8492,3.88,76,44,2.5,scattered clouds
Qui Nhon,VN,13.7667,109.2333,25.67,91,87,0.76,overcast clouds
Ceres,US,37.5949,-120.9577,5.87,92,0,0,clear sky
Flin Flon,CA,54.7682,-101.865,-7.09,79,100,4.12,overcast clouds
Moron,AR,-34.6534,-58.6198,17.67,56,3,3.63,clear sky
Tamiahua,MX,21.2667,-97.45,28.27,71,100,3.12,overcast clouds
Barcelona,ES,41.3888,2.159,16.57,84,75,8.23,mist
Alekseyevka,RU,50.6309,38.6903,11.46,92,100,6.58,light rain
Kastamonu,TR,41.5,33.6667,3.29,61,100,6.03,overcast clouds
Saint-Francois,FR,46.4154,3.9054,19.26,58,0,4.63,clear sky
Coos Bay,US,43.3665,-124.2179,6.19,93,75,5.66,broken clouds
Cobourg,DE,50.2667,10.9667,22.01,36,100,0.89,overcast clouds
Suyo,PH,16.9762,120.5254,25.45,86,67,0.33,broken clouds
Mahebourg,MU,-20.4081,57.7,26.25,94,75,8.75,broken clouds
Luderitz,NA,-26.6481,15.1594,20.75,67,24,6.65,few clouds
Mogadishu,SO,2.0371,45.3438,30.93,74,40,6.17,scattered clouds
Cherskiy,RU,68.75,161.3,-21.96,99,42,2.57,scattered clouds
Sur,OM,22.5667,59.5289,30.83,33,0,0.75,clear sky
Kahului,US,20.8947,-156.47,23.8,68,0,4.02,clear sky
Avera,US,33.194,-82.5271,20.73,65,100,5.41,overcast clouds
Atyrau,KZ,47.1167,51.8833,18.01,39,75,9,dust
Canutama,BR,-6.5339,-64.3831,27.55,75,99,1.49,overcast clouds
Palmer,US,42.1584,-72.3287,17.99,31,75,0,broken clouds
Buala,SB,-8.145,159.5921,26.45,78,31,2.58,scattered clouds
Severo-Yeniseyskiy,RU,60.3725,93.0408,-1.99,93,100,5.13,overcast clouds
Altamont,US,42.2068,-121.7372,-1.09,88,100,6.69,overcast clouds
Tsurib,RU,42.2368,46.8307,0.98,97,100,2.83,snow
Aguimes,ES,27.9054,-15.4461,20.35,56,75,10.8,broken clouds
Talcahuano,CL,-36.7167,-73.1167,13.82,47,0,3.09,clear sky
Caravelas,BR,-17.7125,-39.2481,29.45,64,36,3.22,scattered clouds
Henties Bay,NA,-22.116,14.2845,18.85,73,44,4.99,scattered clouds
Rantauprapat,ID,2.1,99.8333,23.57,97,100,0.9,overcast clouds
Dhidhdhoo,MV,6.8833,73.1,28.41,78,100,5.94,moderate rain
Moree,AU,-29.4667,149.85,17.01,77,4,5.14,clear sky
Bloomsburg,US,41.0037,-76.4549,22.1,71,97,1.93,overcast clouds
Phan Thiet,VN,10.9333,108.1,26.21,87,100,1.7,overcast clouds
Tilichiki,RU,60.4667,166.1,-9.19,94,100,3.91,light snow
Tokur,RU,53.1333,132.9,-14.37,100,100,0.8,overcast clouds
Salinas,US,36.6777,-121.6555,5.66,87,0,2.06,clear sky
Berlevag,NO,70.8578,29.0864,0.97,55,20,5.14,few clouds
Rock Springs,US,41.5875,-109.2029,-3.86,70,0,10.29,clear sky
Zapolyarnyy,RU,69.4154,30.8136,0.6,86,99,1.49,overcast clouds
Khovu-Aksy,RU,51.1333,93.6,-6.78,64,90,1.9,overcast clouds
El Pardo,PH,9.66,123.4944,26.81,79,100,2.19,overcast clouds
Ixtapa,MX,20.7,-105.2,23.57,78,100,3.09,overcast clouds
Carnarvon,AU,-24.8667,113.6333,22.04,78,0,6.17,clear sky
Atagay,RU,55.1033,99.3875,-4.4,93,13,0.61,few clouds
Plouzane,FR,48.3833,-4.6167,17.18,70,75,5.66,broken clouds
Limon,CR,10,-83.0333,25.94,83,75,2.57,broken clouds
Chase,CA,50.8165,-119.6857,-0.38,58,100,1.96,overcast clouds
Inirida,CO,3.8653,-67.9239,28.08,80,99,1.37,overcast clouds
Cordoba,AR,-31.4135,-64.1811,22.09,35,0,2.57,clear sky
North Battleford,CA,52.7834,-108.2847,-10.89,67,100,5.66,overcast clouds
Goderich,CA,43.7501,-81.7165,17.18,77,100,8.75,overcast clouds
Comodoro Rivadavia,AR,-45.8667,-67.5,16.92,45,0,6.17,clear sky
Bonthe,SL,7.5264,-12.505,29.83,64,98,5.59,overcast clouds
Antigonish,CA,45.6169,-61.9986,5.64,85,100,2.24,overcast clouds
Beyneu,KZ,45.3167,55.2,19.65,45,2,8.92,clear sky
Noumea,NC,-22.2763,166.4572,25.56,99,15,0.51,few clouds
Khvoynaya,RU,58.9,34.5333,5.46,81,96,2.35,overcast clouds
Gigmoto,PH,13.7796,124.39,24.94,84,100,2.01,overcast clouds
Jablah,SY,35.3614,35.9256,18.16,36,0,3.6,clear sky
Ushtobe,KZ,45.2514,77.9838,18.15,27,8,3.8,clear sky
San Patricio,US,28.017,-97.5169,25.6,79,100,5.99,overcast clouds
La Ronge,CA,55.1001,-105.2842,-11.86,67,100,4.63,overcast clouds
Lata,PT,40.1629,-8.3327,16.01,51,94,3.11,overcast clouds
Fort Morgan,US,40.2503,-103.8,-7.64,57,0,3.09,clear sky
Banjarmasin,ID,-3.3244,114.591,26.08,85,100,0.17,overcast clouds
Makakilo City,US,21.3469,-158.0858,22.6,72,100,3.6,overcast clouds
Port Hardy,CA,50.6996,-127.4199,4,93,40,2.06,scattered clouds
Sao Filipe,CV,14.8961,-24.4956,21.98,75,22,4.99,few clouds
Kruisfontein,ZA,-34.0033,24.7314,21.05,64,5,6.45,clear sky
Altoona,US,40.5187,-78.3947,20.74,70,99,3.2,overcast clouds
Ilinskiy,RU,55.619,38.1182,7.21,87,100,4.02,overcast clouds
Spornoye,RU,50.8448,37.2913,13.35,67,98,7.12,overcast clouds
Tuatapere,NZ,-46.1333,167.6833,6.66,91,69,1.85,broken clouds
Staryy Nadym,RU,65.6118,72.6842,1.59,100,100,4.36,overcast clouds
Tasiilaq,GL,65.6145,-37.6368,0.09,67,100,3.31,overcast clouds
Chuy,UY,-33.6971,-53.4616,21.28,38,59,3.07,broken clouds
Nantucket,US,41.2835,-70.0995,17.08,39,0,3.09,clear sky
Kalevala,RU,65.2,31.1667,3.46,86,98,0.71,overcast clouds
Minas,UY,-34.3759,-55.2377,18.28,38,0,5.4,clear sky
Umm Kaddadah,SD,13.6017,26.6876,36.96,8,6,6.62,clear sky
Birin,NP,26.8865,88.0718,18.53,71,86,2.23,overcast clouds
Zholymbet,KZ,51.7433,71.7122,10.59,48,100,4.7,overcast clouds
Nerang,AU,-27.9833,153.3333,17.77,94,99,0.45,light rain
Ormara,PK,25.2088,64.6357,27.06,75,0,4.23,clear sky
Saint-Georges,GD,12.0564,-61.7485,29.82,66,40,10.29,scattered clouds
Blythe,US,33.6103,-114.5964,10.25,13,0,0,clear sky
Sakakah,SA,29.9697,40.2064,29.76,15,21,1.14,few clouds
Tahoua,NE,14.8888,5.2692,39.99,21,0,2.57,clear sky
Lasa,IT,46.6166,10.7002,17.61,70,99,1.43,overcast clouds
Umba,RU,66.6871,34.3429,1.01,84,93,0.65,overcast clouds
Moyale,KE,3.5167,39.0584,25.22,60,14,4.17,few clouds
Cabedelo,BR,-6.9811,-34.8339,30.37,63,87,3.36,overcast clouds
Novyy Urgal,RU,51.0736,132.5642,-6.58,94,86,1.99,overcast clouds
Talaya,RU,61.3833,152.75,-18.15,99,100,1.59,overcast clouds
Grand Island,US,40.925,-98.342,-1.12,44,0,7.72,clear sky
Uddevalla,SE,58.3478,11.9424,11.29,62,100,1.34,overcast clouds
Bonavista,CA,48.6499,-53.1147,-0.06,93,100,11.09,overcast clouds
Boende,CD,-0.2167,20.8667,27.06,71,55,1.44,light rain
Iquitos,PE,-3.7481,-73.2472,26.02,94,100,1.03,overcast clouds
Rybnaya Sloboda,RU,55.4613,50.1409,5.37,96,79,2.33,broken clouds
Namibe,AO,-15.1961,12.1522,25.9,75,3,4.94,clear sky
Sinop,TR,41.7711,34.8709,5.19,67,99,3.97,light rain
Lexington,US,37.9887,-84.4777,19.63,79,100,5.66,overcast clouds
Srednekolymsk,RU,67.45,153.6833,-26.99,100,89,1.63,overcast clouds
Eltham,NZ,-39.4292,174.3,12.6,69,100,4.6,overcast clouds
Hasaki,JP,35.7333,140.8333,18.22,92,47,9.43,scattered clouds
Miles City,US,46.4083,-105.8406,-8.46,86,100,10.29,mist
Klaksvik,FO,62.2266,-6.589,7.51,87,99,7.46,overcast clouds
Mondovi,IT,44.396,7.8176,19.73,54,100,2.41,overcast clouds
Kloulklubed,PW,7.0419,134.2556,27.28,79,100,8.36,overcast clouds
Campo Formoso,BR,-10.5075,-40.3214,31.89,39,11,2.88,few clouds
Fare,PF,-16.7,-151.0167,27.68,71,0,6.8,clear sky
Coquimbo,CL,-29.9533,-71.3436,12.85,94,100,1.54,overcast clouds
Nemuro,JP,43.3236,145.575,0.02,81,100,7.84,overcast clouds
Port Macquarie,AU,-31.4333,152.9167,15.5,80,54,2.94,broken clouds
Dunedin,NZ,-45.8742,170.5036,9.89,80,0,1.79,clear sky
Lakewood,US,39.7047,-105.0814,0.46,55,81,0.45,broken clouds
Pietarsaari,FI,63.65,22.6833,7.07,84,100,2.38,overcast clouds
Chimbote,PE,-9.0853,-78.5783,20.76,78,43,3.9,scattered clouds
Vostok,RU,46.4856,135.8833,-5.64,95,33,1.85,scattered clouds
Kashirskoye,RU,51.4194,39.6125,13.72,71,100,4.06,overcast clouds
South Lake Tahoe,US,38.9332,-119.9844,-1.06,56,100,5.14,overcast clouds
Trinidad,BO,-14.8333,-64.9,30.99,66,20,6.69,few clouds
Saint Anthony,US,45.0205,-93.218,8.32,93,100,6.17,mist
Maceio,BR,-9.6658,-35.7353,30.69,66,75,3.6,broken clouds
Oksfjord,NO,70.2396,22.3479,3.1,83,100,1.44,overcast clouds
Bac Lieu,VN,9.285,105.7244,28.09,76,54,5.06,broken clouds
Nagornyy,RU,52.7959,83.5498,6.75,63,11,5.39,few clouds
Mehamn,NO,71.0357,27.8492,-0.05,76,87,1.64,overcast clouds
Urengoy,RU,65.9667,78.3667,1.03,100,100,4.14,overcast clouds
Aripuana,BR,-9.1667,-60.6333,31.03,62,85,0.74,overcast clouds
Beringovskiy,RU,63.05,179.3167,-4.56,96,100,6.98,snow
Havelock,US,34.8791,-76.9013,23.88,78,20,6.69,few clouds
Awbari,LY,26.5921,12.7805,38.61,4,32,8.5,scattered clouds
Catamarca,AR,-28.4696,-65.7852,18.66,86,95,1.79,overcast clouds
Vesoul,FR,47.5833,5.8333,21.45,56,64,1.07,broken clouds
Biak,ID,-0.9131,122.8766,25.84,80,100,0.84,overcast clouds
Muros,ES,42.7762,-9.0603,19.27,81,15,5.04,few clouds
Padang,ID,-0.9492,100.3543,26.68,85,100,0.53,light rain
Maputo,MZ,-25.9653,32.5892,32.82,46,20,3.6,few clouds
Krasnoselkup,RU,65.7,82.4667,0.98,98,100,6.83,overcast clouds
Araouane,ML,18.9048,-3.5265,40.26,4,48,4.78,scattered clouds
Los Llanos De Aridane,ES,28.6585,-17.9182,18.86,93,75,6.17,broken clouds
Poum,NC,-20.2333,164.0167,24.85,70,0,4.1,clear sky
Kamaishi,JP,39.2667,141.8833,8.19,92,100,5.2,overcast clouds
Mandera,KE,3.9366,41.867,33.88,38,94,5.66,overcast clouds
Owando,CG,-0.4819,15.8999,27.76,72,100,3.14,light rain
Yinchuan,CN,38.4681,106.2731,10.65,21,100,3.58,overcast clouds
Diveyevo,RU,55.0433,43.2418,11.54,78,54,3.72,broken clouds
Pocone,BR,-16.2567,-56.6228,31.07,58,40,2.13,scattered clouds
Lander,US,42.833,-108.7307,-9.94,80,75,2.06,broken clouds
Homer,US,59.6425,-151.5483,1.56,82,0,0.89,clear sky
Kamenka,RU,51.3223,42.7678,10.78,91,100,5.33,light rain
Zhangjiakou,CN,40.81,114.8794,8.75,21,0,4.77,clear sky
Mapiripan,CO,2.8892,-72.1256,31,61,90,2.24,overcast clouds
La Libertad,EC,-2.2333,-80.9,22.81,83,40,2.06,scattered clouds
Daru,PG,-9.0763,143.2092,26.75,89,100,4.26,overcast clouds
Ornskoldsvik,SE,63.2909,18.7153,5.53,65,100,3.6,overcast clouds
Najran,SA,17.4924,44.1277,35.36,12,69,8.64,broken clouds
Kozhva,RU,65.1073,57.0459,1.59,100,100,1.52,overcast clouds
Betioky,MG,-23.7167,44.3833,27.3,47,84,4.46,broken clouds
Salalah,OM,17.0151,54.0924,29.05,79,0,4.12,clear sky
Smolenka,RU,52.1352,113.4974,-2.96,68,5,1,clear sky
Soyo,AO,-6.1349,12.3689,28.58,70,100,2.01,light rain
Pimentel,PE,-6.8367,-79.9342,21.16,73,0,5.66,clear sky
Kaoma,ZM,-14.7833,24.8,25.63,64,34,2.16,scattered clouds
Vestmanna,FO,62.1564,-7.1664,6.51,93,100,5.14,overcast clouds
Huarmey,PE,-10.0681,-78.1522,21.38,76,10,4.54,clear sky
Ada,US,43.4166,-116.1262,-0.84,84,0,2.57,clear sky
Okhotsk,RU,59.3833,143.3,-12.56,84,35,4.16,scattered clouds
Salekhard,RU,66.53,66.6019,0.78,100,100,0.89,overcast clouds
Riyadh,SA,24.6877,46.7219,37.08,11,76,2.29,broken clouds
Burnie,AU,-41.0667,145.9167,11.62,82,19,2.26,few clouds
Londoko,RU,49.0333,131.9833,-4.29,90,9,1.14,clear sky
Slonim,BY,53.0867,25.3219,11.78,44,8,3.73,clear sky
Hualmay,PE,-11.0964,-77.6139,20.96,74,41,3.98,scattered clouds
Hurghada,EG,27.2574,33.8129,25.02,29,0,10.29,clear sky
Nakonde,ZM,-9.3421,32.745,19.6,89,67,0.97,light rain
Traverse City,US,44.7631,-85.6206,19.04,80,100,4.12,overcast clouds
Muli,MV,2.9167,73.5667,29.07,75,100,6.14,overcast clouds
Kodinsk,RU,58.6881,99.1844,0.33,78,100,3.92,overcast clouds
Sorong,ID,-0.8833,131.25,26.91,82,100,1.65,overcast clouds
Welkom,ZA,-27.9864,26.7066,22.42,33,60,3.28,broken clouds
Chancay,PE,-11.5714,-77.2672,20.48,75,61,2.94,broken clouds
Nyurba,RU,63.2842,118.3319,-2.31,89,100,4.2,overcast clouds
Tual,ID,-5.6667,132.75,28.37,78,94,3.16,overcast clouds
Calamar,CO,10.2511,-74.9146,34.66,41,71,4.24,broken clouds
Sivas,TR,39.7916,37.0019,0.35,55,40,5.66,scattered clouds
Olafsvik,IS,64.8945,-23.7142,5.7,71,100,3.18,overcast clouds
Kysyl-Syr,RU,63.8986,122.7617,-4.55,96,100,2.88,overcast clouds
Ahipara,NZ,-35.1667,173.1667,16.75,77,76,5.61,broken clouds
Tanout,NE,14.9709,8.8879,39.71,9,25,1.99,scattered clouds
Yablonovo,RU,50.8523,37.3574,13.22,67,99,7.09,overcast clouds
Mitsamiouli,KM,-11.3847,43.2844,28.21,72,60,2.86,broken clouds
Donaueschingen,DE,47.95,8.5,22.95,41,72,3.22,broken clouds
Kizilskoye,RU,52.7255,58.8937,10.28,87,95,2.28,overcast clouds
Te Anau,NZ,-45.4167,167.7167,5.5,90,30,0.59,scattered clouds
Praia Da Vitoria,PT,38.7333,-27.0667,18.14,94,75,15.14,broken clouds
Rioja,AR,-29.4111,-66.8507,20.81,64,50,2.29,scattered clouds
Bakchar,RU,57.0186,82.0711,0.55,95,43,2.5,scattered clouds
Kangaatsiaq,GL,68.3065,-53.4641,-12.15,87,100,5.4,overcast clouds
Quelimane,MZ,-17.8786,36.8883,30.97,70,20,4.12,few clouds
Utraula,IN,27.3167,82.4167,34.16,16,3,2.98,clear sky
Horni Slavkov,CZ,50.1386,12.8076,19.23,40,0,4.12,clear sky
Ledyard,US,41.4398,-72.0142,17.27,31,0,1.54,clear sky
Altay,CN,47.8667,88.1167,5.58,42,11,4.78,few clouds
Atlantic City,US,39.3643,-74.4229,22.88,76,40,2.57,scattered clouds
Trelew,AR,-43.249,-65.3051,16.18,40,10,3.79,clear sky
Mogocha,RU,53.7333,119.7667,-8.44,95,36,1.31,scattered clouds
George,ZA,-33.963,22.4617,18.75,82,75,4.12,broken clouds
Shestakovo,RU,56.4915,103.96,-4.04,94,26,1.06,scattered clouds
Beipiao,CN,41.7919,120.7792,8.72,23,1,0.95,clear sky
Hami,CN,42.8,93.45,14.74,8,100,3.79,overcast clouds
Sulangan,PH,11.1373,123.7228,27.04,78,100,3.04,overcast clouds
Mobai,SL,7.9944,-10.7511,33.5,45,86,1.68,overcast clouds
Orel-Izumrud,RU,43.4583,39.9244,7.01,81,100,3,overcast clouds
Saint-Denis,FR,48.9167,2.3333,17.34,74,75,1.54,broken clouds
Samarai,PG,-10.6167,150.6667,28.46,76,20,5.46,few clouds
Ussel,FR,45.55,2.3167,17.62,47,98,0.79,overcast clouds
Lleida,ES,41.6167,0.6167,15.11,98,75,3.09,broken clouds
Aksu,CN,41.1231,80.2644,21.38,20,100,3.81,overcast clouds
Pescara,IT,42.3333,13.95,17.27,62,100,2.43,overcast clouds
Da Nang,VN,16.0678,108.2208,25.99,89,75,1.03,broken clouds
Buenos Aires,AR,-34.6132,-58.3772,17.22,53,0,2.06,clear sky
Laramie,US,41.3114,-105.5911,-3.91,80,93,12.13,overcast clouds
Launceston,AU,-41.45,147.1667,10.34,90,5,1.03,clear sky
Guanica,PR,17.9716,-66.908,30.63,56,6,8.73,clear sky
Vasteras,SE,59.6162,16.5528,8.95,43,0,6.17,clear sky
Taltal,CL,-25.4,-70.4833,18.77,68,0,2.4,clear sky
Vila,PT,42.0304,-8.1588,13.72,70,91,2.05,overcast clouds
Lompoc,US,34.6391,-120.4579,8.66,65,0,8.94,clear sky
Ossora,RU,59.2353,163.0719,-6.49,95,100,3.46,light snow
Jalu,LY,29.0331,21.5482,27.41,13,2,6.3,clear sky
Kapuskasing,CA,49.4169,-82.4331,3.05,56,75,6.17,broken clouds
Upington,ZA,-28.4478,21.2561,29.21,24,20,2.57,few clouds
Vestmannaeyjar,IS,63.4427,-20.2734,7.55,81,40,14.4,scattered clouds
Zhanaozen,KZ,43.3,52.8,18.62,36,0,7,clear sky
Vila Velha,BR,-20.3297,-40.2925,32.97,64,20,4.12,few clouds
Touros,BR,-5.1989,-35.4608,30.87,56,11,4.19,few clouds
Batie,BF,9.8833,-2.9167,40.01,21,59,0.36,broken clouds
Naples,IT,40.8333,14.25,23.1,53,0,3.6,clear sky
Agadez,NE,19.75,10.25,40.13,5,14,6.44,few clouds
Halifax,CA,44.6453,-63.5724,12.51,57,20,6.71,few clouds
Novoagansk,RU,61.9449,76.6625,1.33,99,96,3.02,overcast clouds
Porto Murtinho,BR,-21.6989,-57.8825,23.69,92,99,2.61,overcast clouds
Peterhead,GB,57.5058,-1.7981,8.22,89,100,9.46,overcast clouds
Balkanabat,TM,39.5108,54.3671,21.78,41,1,3.89,clear sky
Wasilla,US,61.5814,-149.4394,-0.91,68,0,1.54,clear sky
Nizhniy Tsasuchey,RU,50.5167,115.1333,0.5,52,42,1.48,scattered clouds
Majene,ID,-3.5403,118.9707,25.67,86,86,0.77,overcast clouds
Naze,JP,28.3667,129.4833,19.51,91,17,4.43,few clouds
Alice Springs,AU,-23.7,133.8833,20.75,32,0,0,clear sky
Calama,CL,-22.4667,-68.9333,14.27,11,0,7.2,clear sky
Baoding,CN,38.8511,115.4903,10.59,39,58,2.14,broken clouds
Port Huron,US,42.9709,-82.4249,19.37,77,100,7.2,overcast clouds
Isabela,PH,6.7085,121.9711,26.41,86,55,3.23,broken clouds
Mtwara,TZ,-10.2667,40.1833,26.66,84,100,4.27,overcast clouds
Hokota,JP,36.15,140.5167,17.22,88,75,8.23,broken clouds
Quatre Cocos,MU,-20.2078,57.7625,26.16,83,68,9.27,light rain
Sao Joao Da Barra,BR,-21.6403,-41.0511,31.05,75,31,4.07,scattered clouds
Nyakahanga,TZ,-1.6033,31.1414,21.88,67,95,1.56,overcast clouds
Canavieiras,BR,-15.675,-38.9472,29.15,63,43,3.04,scattered clouds
Uglegorsk,RU,49.0833,142.0333,-1.73,87,32,1.34,scattered clouds
Bagan,RU,54.1001,77.6646,8.18,67,0,5.66,clear sky
Huoqiu,CN,32.3394,116.2694,9.82,67,9,2.2,clear sky
Gladstone,AU,-23.85,151.25,22.96,73,100,2.06,overcast clouds
Caucaia,BR,-3.7361,-38.6531,30.97,71,40,4.12,scattered clouds
Salinopolis,BR,-0.6136,-47.3561,27.24,81,100,3.77,light rain
Vao,NC,-22.6667,167.4833,24.07,68,6,0.7,clear sky
Pasni,PK,25.2631,63.471,26.9,76,0,3.39,clear sky
Ust-Tsilma,RU,65.441,52.1498,1.11,99,100,3.03,overcast clouds
Crotone,IT,39.0851,17.1178,16.97,67,0,3.09,clear sky
Bambous Virieux,MU,-20.3428,57.7575,26.23,94,75,8.75,light rain
Stromness,GB,58.965,-3.296,6.98,86,100,5.36,overcast clouds
Silver City,US,32.7701,-108.2803,4.98,18,0,4.02,clear sky
Hovd,MN,48.0056,91.6419,-3.94,50,100,4.07,overcast clouds
Changping,CN,40.2186,116.2197,12.8,25,14,1.45,few clouds
Umm Bab,QA,25.2142,50.8072,33.06,23,100,6.62,overcast clouds
Kuala Pilah,MY,2.7389,102.2487,24.55,90,100,1.24,overcast clouds
Arman,RU,59.7,150.1667,-10.31,76,100,3.37,overcast clouds
Kasempa,ZM,-13.4584,25.8338,23.33,74,50,1.71,scattered clouds
Farah,AF,32.5,62.5,26.23,8,0,3.47,clear sky
Troitskoye,RU,52.9821,84.6757,4.19,66,19,5.02,few clouds
Husavik,IS,66.0449,-17.3389,3.67,80,34,3.97,scattered clouds
Glubczyce,PL,50.2009,17.8286,19.34,48,7,3.38,clear sky
Mackay,AU,-21.15,149.2,24.99,73,99,7.72,overcast clouds
Ukiah,US,39.1502,-123.2078,5.94,89,100,1.54,overcast clouds
Kathu,TH,7.9178,98.3332,31.5,75,91,4.6,overcast clouds
Svetlogorsk,BY,52.6333,29.7333,6.11,68,100,5.01,overcast clouds
Suba,PH,10.8438,121.0102,27.35,80,100,4.38,overcast clouds
Gamba,GA,-2.65,10,28.54,71,85,4.24,overcast clouds
Pangnirtung,CA,66.1451,-65.7125,-18,78,75,3.6,light snow
Port Hawkesbury,CA,45.6169,-61.3485,5.51,92,100,5.14,overcast clouds
Kaeo,NZ,-35.1,173.7833,15.74,90,35,3.8,scattered clouds
Chicama,PE,-7.8447,-79.1469,17.3,74,65,3.49,broken clouds
Mecca,SA,21.4267,39.8261,33.58,27,1,4.05,clear sky
Unguia,CO,8.0434,-77.0945,25.01,81,100,2.28,overcast clouds
Coolum Beach,AU,-26.5333,153.1,18.95,98,100,5.77,light rain
Maniitsoq,GL,65.4167,-52.9,-3.01,77,30,6.08,scattered clouds
Tselinnoye,RU,53.0833,85.6667,3.54,68,32,4.88,scattered clouds
Kadoma,JP,34.7333,135.5833,19.54,65,100,4.63,overcast clouds
Dawson Creek,CA,55.7666,-120.2362,-10.2,67,100,3.09,overcast clouds
Kentau,KZ,43.5206,68.5094,20.11,40,1,1.98,clear sky
Cassilandia,BR,-19.1133,-51.7342,31.66,44,11,2.27,few clouds
Saint-Pierre,RE,-21.3393,55.4781,24.82,90,75,8.23,broken clouds
Mamlyutka,KZ,54.9375,68.5394,11.65,40,91,6.41,overcast clouds
Puerto Ayacucho,VE,5.6639,-67.6236,32.18,49,96,1.4,overcast clouds
Acapulco,MX,16.8634,-99.8901,25.9,83,40,1.54,scattered clouds
Huhi,MX,20.7167,-89.1667,29.1,61,98,5.01,overcast clouds
Masallatah,LY,32.6167,14,22.46,40,100,11.62,overcast clouds
Colesberg,ZA,-30.72,25.0972,22.18,35,0,4.06,clear sky
Mackenzie,CA,55.2999,-123.1698,-9.88,48,0,1.03,clear sky
The Valley,AI,18.217,-63.0578,27.92,61,20,8.23,few clouds
Xingyi,CN,24.1877,102.817,17.25,50,3,1.96,clear sky
Klichka,RU,50.4457,117.996,-1.9,58,11,1.73,few clouds
Soubre,CI,5.7856,-6.6083,34.55,43,85,0.79,overcast clouds
Haines Junction,CA,60.7522,-137.5108,-20.03,84,12,0.51,few clouds
Camocim,BR,-2.9022,-40.8411,29.4,68,62,3.66,broken clouds
Udachnyy,RU,66.4167,112.4,-4.75,85,100,2.27,overcast clouds
Bambanglipuro,ID,-7.95,110.2833,25.54,82,8,1.72,clear sky
Itamarandiba,BR,-17.8572,-42.8589,29.61,48,36,1.24,scattered clouds
Olinda,BR,-8.0089,-34.8553,30.85,58,40,3.6,scattered clouds
Cururupu,BR,-1.8283,-44.8683,29.91,68,80,2.73,broken clouds
Navoi,UZ,40.0844,65.3792,24.71,31,0,3.09,clear sky
Joshimath,IN,30.5667,79.5667,15.05,68,94,1.96,overcast clouds
Panzhihua,CN,26.5851,101.7128,23.25,45,81,1.8,broken clouds
Zhigansk,RU,66.7697,123.3711,-9.81,94,100,7.34,light snow
Miquelon,PM,47.0975,-56.3814,3,85,100,7.08,overcast clouds
Sheridan,US,44.8333,-106.9173,-11.16,74,75,9.77,broken clouds
Lacombe,CA,52.4668,-113.7353,-9.7,62,100,5.2,overcast clouds
Belmonte,BR,-15.8631,-38.8828,28.64,67,32,3.07,scattered clouds
Eureka,US,40.8021,-124.1637,7.18,69,100,1.34,overcast clouds
Rosario Oeste,BR,-14.8361,-56.4275,31.94,59,21,1.42,few clouds
Vardo,NO,70.3705,31.1107,-2.01,74,20,5.14,few clouds
Bharuch,IN,21.7,72.9667,31.35,35,0,5.07,clear sky
Teguise,ES,29.0605,-13.564,19.12,64,75,8.75,light intensity drizzle
Coahuayana,MX,18.7333,-103.6833,28.14,44,100,0.6,overcast clouds
Varzea Da Palma,BR,-17.5981,-44.7308,32.83,43,39,1.66,scattered clouds
Camopi,GF,3.1655,-52.3158,28.67,71,66,2.65,broken clouds
Sisimiut,GL,66.9395,-53.6735,-4.55,74,53,5.97,broken clouds
Mokhsogollokh,RU,61.4681,128.9203,-10.88,97,100,1.15,overcast clouds
Santiago Del Estero,AR,-27.7951,-64.2615,15.64,80,100,1.35,overcast clouds
Saverne,FR,48.8333,7.25,24.07,61,86,2.27,overcast clouds
Mahibadhoo,MV,3.7833,72.9667,29.77,72,100,6.94,overcast clouds
Sousa,BR,-6.7592,-38.2281,31.65,48,100,2.11,overcast clouds
Katherine,AU,-14.4667,132.2667,27.18,69,100,1.03,overcast clouds
Pajapan,MX,18.25,-94.7,24.09,49,93,5.43,overcast clouds
Palu,ID,-0.8917,119.8707,24.65,92,97,1.04,overcast clouds
Verkhnetulomskiy,RU,68.6073,31.7962,1.07,82,91,0.94,overcast clouds
Shumskiy,RU,54.8318,99.1328,-2.48,86,26,1.53,scattered clouds
Butka,RU,56.7179,63.7866,6.42,88,100,1.8,light rain
Luhyny,UA,51.082,28.4006,6.38,64,100,6.14,overcast clouds
Talmenka,RU,53.8183,83.5677,6.88,86,30,3.8,scattered clouds
Auki,SB,-8.7676,160.7034,24.61,85,9,1.56,clear sky
Sao Desiderio,BR,-12.3633,-44.9733,34.57,36,17,0.92,few clouds
Turbat,PK,26.0023,63.044,33.43,25,0,2.66,clear sky
Broken Hill,AU,-31.95,141.4333,13.84,33,0,3.09,clear sky
Aykhal,RU,66,111.5,-5.34,96,100,5,light snow
Kirksville,US,40.1948,-92.5833,7.97,97,100,5.66,mist
Nampula,MZ,-15.1165,39.2666,29.97,51,20,3.6,few clouds
Laguna,US,38.421,-121.4238,7.3,81,0,0.89,clear sky
Camacha,PT,33.0833,-16.3333,17.68,63,20,5.14,few clouds
Varkaus,FI,62.3153,27.873,7.39,64,97,1.98,overcast clouds
Ilulissat,GL,69.2167,-51.1,-4.99,80,75,3.6,light shower snow
Chardara,KZ,41.2547,67.9692,21.25,48,0,3.95,clear sky
South Venice,US,27.0531,-82.4243,26.66,66,0,6.17,haze
Catuday,PH,16.2923,119.8062,26.57,75,60,1.9,broken clouds
Broome,US,42.2506,-75.833,19,49,40,2.57,scattered clouds
Skjervoy,NO,70.0311,20.9714,5,78,95,1.93,overcast clouds
Rondonopolis,BR,-16.4708,-54.6356,31.95,53,2,1.23,clear sky
Viedma,AR,-40.8135,-62.9967,17.44,50,1,6.83,clear sky
Aljezur,PT,37.3191,-8.8033,17.51,69,30,7.58,scattered clouds
Bosaso,SO,11.2842,49.1816,27.99,83,0,5.66,clear sky
Tank,PK,32.2217,70.3793,29.55,23,0,2.88,clear sky
Pacific Grove,US,36.6177,-121.9166,7.03,87,0,2.06,clear sky
Bara,NG,10.3744,10.7288,37.77,26,54,3.83,broken clouds
Oranjemund,NA,-28.55,16.4333,18.06,78,81,5.01,broken clouds
Springdale,US,36.1867,-94.1288,18.85,97,100,8.75,very heavy rain
Sinazongwe,ZM,-17.2614,27.4618,28.36,59,52,2.7,broken clouds
Mabaruma,GY,8.2,-59.7833,29.81,54,23,3.75,few clouds
Lae,PG,-6.7221,146.9847,23.73,89,96,2.3,overcast clouds
West Wendover,US,40.7391,-114.0733,-1.44,64,92,3.09,overcast clouds
Nabire,ID,-3.3667,135.4833,24.68,93,93,1.67,overcast clouds
Merke,KZ,42.8728,73.1786,15.89,78,53,0.48,broken clouds
Pitimbu,BR,-7.4706,-34.8086,30.33,64,100,3.36,overcast clouds
Kalmunai,LK,7.4167,81.8167,27.64,77,66,6.14,broken clouds
Alugan,PH,12.2188,125.4808,23.62,80,100,3,overcast clouds
Diamantino,BR,-14.4086,-56.4461,32.42,53,6,1.49,clear sky
Bhuban,IN,20.8833,85.8333,28.61,63,76,3.13,broken clouds
Kuusamo,FI,65.9667,29.1833,4.02,52,0,3.6,clear sky
Tyrma,RU,50.0833,132.1667,-8.51,97,39,1.1,scattered clouds
Wewak,PG,-3.5534,143.6268,26.83,71,60,2.26,broken clouds
Oussouye,SN,12.485,-16.5469,32.1,36,79,6.29,broken clouds
Carballo,ES,43.213,-8.691,17.17,82,43,2.95,scattered clouds
Port-Cartier,CA,50.0334,-66.8654,7.12,99,59,2.84,broken clouds
Ambulu,ID,-8.345,113.6058,24.37,88,22,1.84,few clouds
Kenai,US,60.5544,-151.2583,-1.62,97,0,0,clear sky
Borogontsy,RU,62.6683,131.1683,-13.5,99,99,0.58,overcast clouds
Corsicana,US,32.0954,-96.4689,23.58,88,61,5.66,broken clouds
Grand-Santi,GF,4.25,-54.3833,29.19,65,88,2.41,overcast clouds
Paamiut,GL,61.994,-49.6678,-0.4,78,99,7.89,overcast clouds
Tarata,BO,-17.6167,-66.0167,18.71,42,7,0.99,clear sky
Abu Samrah,SY,35.3029,37.1841,17.61,32,4,2.44,clear sky
Kawalu,ID,-7.3817,108.2082,22.77,96,97,0.48,overcast clouds
Fallon,US,39.4735,-118.7774,2.18,51,75,3.09,broken clouds
Babushkin,RU,51.7122,105.8647,-4.85,92,78,2.01,broken clouds
Garmsar,IR,35.2182,52.3409,29.19,5,10,7.9,clear sky
Medicine Hat,CA,50.0501,-110.6683,-7.45,85,100,4.12,overcast clouds
Nome,US,64.5011,-165.4064,1.04,64,0,4.12,clear sky
Villa Rica,US,33.7321,-84.9191,22.23,77,99,4.7,overcast clouds
San-Pedro,CI,4.7485,-6.6363,30.3,68,100,5.91,light rain
San Julian,MX,21.0167,-102.1667,20.27,36,14,3.19,few clouds
Lahaina,US,20.8783,-156.6825,23.23,83,76,3.38,broken clouds
Menongue,AO,-14.6585,17.691,24.14,64,97,2.27,light rain
Achi,CO,8.5682,-74.554,30.22,73,96,1.41,overcast clouds
Dalianwan,CN,39.0286,121.695,10.02,50,0,1,clear sky
Salawagan,PH,7.7053,125.115,22.57,97,100,0.75,overcast clouds
Torrijos,ES,39.9819,-4.2835,18.93,39,82,2.72,broken clouds
Gisors,FR,49.2818,1.7801,18.84,71,100,2.19,overcast clouds
Panaba,MX,21.2833,-88.2667,30.8,53,72,7.34,broken clouds
Jamestown,US,42.097,-79.2353,18.77,88,100,5.66,overcast clouds
Tuktoyaktuk,CA,69.4541,-133.0374,-18,78,20,6.17,few clouds
Provideniya,RU,64.3833,-173.3,-7.41,92,100,8.57,overcast clouds
Kailua,US,21.4022,-157.7394,24.48,79,40,2.68,scattered clouds
Cidreira,BR,-30.1811,-50.2056,20.46,77,98,5.09,overcast clouds
Altamira,BR,-3.2033,-52.2064,32.05,66,75,3.6,broken clouds
Kavaratti,IN,10.5669,72.642,29.22,68,100,1.4,overcast clouds
Srivardhan,IN,18.0333,73.0167,27.89,63,81,3.33,broken clouds
Erie,US,42.7667,-78.6664,24.47,73,65,3.13,broken clouds
Guerrero Negro,MX,27.9769,-114.0611,20.17,39,19,3.49,few clouds
Vaini,TO,-21.2,-175.2,22.09,100,20,2.06,few clouds
Munteni Buzau,RO,44.6333,26.9833,10.36,45,60,3.05,broken clouds
Batagay-Alyta,RU,67.8006,130.4114,-21.17,100,100,1.44,overcast clouds
Albany,US,42.6001,-73.9662,22.07,53,85,3.61,overcast clouds
Punta Arenas,CL,-53.15,-70.9167,15.06,58,40,11.83,scattered clouds
Omboue,GA,-1.5746,9.2618,25.86,87,93,2.8,overcast clouds
Barrow,US,71.2906,-156.7887,-20.99,84,0,3.09,mist
San Rafael,AR,-34.6177,-68.3301,23.74,23,0,3.15,clear sky
Pisco,PE,-13.7,-76.2167,21.68,73,6,4.12,haze
Livingstone,ZM,-17.8419,25.8543,21.22,75,83,2.06,broken clouds
Morgan City,US,29.6994,-91.2068,28.33,83,75,9.77,broken clouds
Tura,IN,25.5198,90.2201,23.69,87,82,3.86,broken clouds
Tunduma,TZ,-9.3,32.7667,15.22,94,75,1.26,broken clouds
Thompson,CA,55.7435,-97.8558,-4.91,58,75,8.23,broken clouds
Hermanus,ZA,-34.4187,19.2345,18.78,90,99,4.66,light rain
Sarangani,PH,5.4033,125.4636,27.94,80,98,7.58,overcast clouds
Karratha,AU,-20.7377,116.8463,26.61,52,48,2.62,scattered clouds
Guisa,CU,20.255,-76.5386,32.07,41,17,3.79,few clouds
Ust-Karsk,RU,52.7011,118.8077,-3.29,71,26,0.61,scattered clouds
Roebourne,AU,-20.7833,117.1333,26.72,48,49,3.08,scattered clouds
Souillac,MU,-20.5167,57.5167,25.21,88,75,6.69,light rain
Moyeuvre-Grande,FR,49.2517,6.0475,19.43,52,66,3.06,broken clouds
Chokurdakh,RU,70.6333,147.9167,-28.64,100,78,1.69,broken clouds
Corrientes,AR,-27.4806,-58.8341,24.99,62,0,3.09,clear sky
Atuona,PF,-9.8,-139.0333,25.78,80,44,8.14,light rain
Cape Town,ZA,-33.9258,18.4232,20.06,88,0,8.75,clear sky
Bethel,US,41.3712,-73.414,23.27,46,0,3.6,clear sky
Ushuaia,AR,-54.8,-68.3,12.81,58,40,2.57,scattered clouds
Puerto Ayora,EC,-0.7393,-90.3518,27.98,78,53,4.46,broken clouds
Potanino,RU,55.1786,61.6222,9.13,87,40,2,scattered clouds
Felanitx,ES,39.4696,3.1483,14.97,92,100,8.14,light rain
Rikitea,PF,-23.1203,-134.9692,26,69,5,8.09,light rain
Mataura,NZ,-46.1927,168.8643,6.93,97,52,1.18,broken clouds
Ola,RU,59.5833,151.2833,-8.97,70,100,4.47,overcast clouds
Saint-Philippe,RE,-21.3585,55.7679,23.77,88,91,7.75,light rain
Shenjiamen,CN,29.9576,122.298,14.12,96,100,10.3,overcast clouds
Northam,GB,51.0333,-4.2167,13.7,91,31,2.33,scattered clouds
Tutin,RS,42.9903,20.3314,8.41,66,5,0.85,clear sky
Gat,IL,31.61,34.7642,16.89,100,70,4.16,broken clouds
Hilo,US,19.7297,-155.09,23.49,86,100,3.09,overcast clouds
Busselton,AU,-33.65,115.3333,12.19,87,0,3.84,clear sky
Hithadhoo,MV,-0.6,73.0833,29.04,70,60,5.61,broken clouds
Pangkalanbuun,ID,-2.6833,111.6167,23.22,96,100,0.77,overcast clouds
Bredasdorp,ZA,-34.5322,20.0403,18,88,100,3.7,light rain
Vavozh,RU,56.7751,51.931,2.95,98,100,1.38,overcast clouds
Sitka,US,57.0531,-135.33,3.94,38,0,0,clear sky
Upernavik,GL,72.7868,-56.1549,-15.26,86,100,4.51,overcast clouds
Port Alfred,ZA,-33.5906,26.891,18.99,94,2,0.89,clear sky
Tolaga Bay,NZ,-38.3667,178.3,13.08,83,100,9.39,overcast clouds
Port Lincoln,AU,-34.7333,135.8667,20.06,70,100,2.36,overcast clouds
Sola,VU,-13.8833,167.55,27.68,75,25,5.61,scattered clouds
Mayya,RU,61.7333,130.2811,-8.38,98,100,1.27,overcast clouds
Lodja,CD,-3.4833,23.4333,25.4,71,67,1.2,broken clouds
Victoria,HK,22.2855,114.1577,25.18,87,77,2.68,broken clouds
Avarua,CK,-21.2078,-159.775,23.03,100,4,0.51,clear sky
Yellowknife,CA,62.456,-114.3525,-11.44,63,20,1.54,few clouds
Arraial Do Cabo,BR,-22.9661,-42.0278,30.98,70,0,4.63,clear sky
Lebu,CL,-37.6167,-73.65,13.89,67,0,8.94,clear sky
Tiznit,MA,29.5833,-9.5,15.22,74,8,3.93,clear sky
Sayyan,YE,15.1718,44.3244,19.03,24,52,2.84,broken clouds
Port Hedland,AU,-20.3167,118.5667,25.03,47,33,3.09,scattered clouds
Svetlyy Yar,RU,48.4748,44.781,7.78,68,86,6.87,overcast clouds
Codrington,AU,-38.2667,141.9667,11.71,88,48,3.1,scattered clouds
Lavrentiya,RU,65.5833,-171,-9.41,91,74,4.53,broken clouds
Marawi,PH,7.9986,124.2928,19.93,92,98,1.34,overcast clouds
Polyarnyy,RU,69.1989,33.4478,-4.44,83,89,1.7,overcast clouds
Faanui,PF,-16.4833,-151.75,27.64,74,12,6.38,few clouds
Hobart,AU,-42.8794,147.3294,10.92,84,7,3.6,clear sky
Bilma,NE,18.6853,12.9164,34.57,6,59,2.77,broken clouds
Gumla,IN,23.05,84.55,29.49,17,67,2.2,broken clouds
Mount Isa,AU,-20.7333,139.5,25.87,31,5,3.09,light rain
Bengkulu,ID,-3.8004,102.2655,24.73,87,29,1.7,scattered clouds
Qaanaaq,GL,77.484,-69.3632,-16.83,93,100,2.97,overcast clouds
Kang,BW,-23.6752,22.7876,21.86,39,53,3.45,broken clouds
Tabory,RU,58.5198,64.5495,3.99,92,72,3.26,broken clouds
Saskylakh,RU,71.9167,114.0833,-20.54,100,98,2.44,overcast clouds
Flinders,AU,-34.5833,150.8552,15.66,94,85,2.24,overcast clouds
Cairns,AU,-16.9167,145.7667,24.97,73,40,5.14,scattered clouds
Hirara,JP,24.8,125.2833,23.39,85,44,3.63,scattered clouds
Port Blair,IN,11.6667,92.75,27.02,89,20,0.51,mist
Katsuura,JP,35.1333,140.3,15.09,95,68,7.94,broken clouds
Alofi,NU,-19.0595,-169.9187,22.94,94,9,0.51,clear sky
Pokhara,NP,28.2333,83.9833,22.75,47,20,3.13,few clouds
Ambon,ID,-3.6954,128.1814,26.98,77,97,1.54,overcast clouds
Shafranovo,RU,53.9667,54.7667,5.24,87,48,2.01,scattered clouds
Biloela,AU,-24.4167,150.5,18.02,92,7,2.75,clear sky
New Norfolk,AU,-42.7826,147.0587,10.72,74,19,1.38,few clouds
Longonjo,AO,-12.9067,15.2533,17.36,91,94,0.93,overcast clouds
Abancay,PE,-13.6339,-72.8814,23.37,48,39,2.41,scattered clouds
Sligo,IE,54.2697,-8.4694,16.49,82,75,2.06,broken clouds
Constitucion,CL,-35.3333,-72.4167,18.23,46,3,5.99,clear sky
Kaitangata,NZ,-46.2817,169.8464,5.47,92,41,2.61,scattered clouds
Pangai,TO,-19.8,-174.35,24.06,88,20,1.03,few clouds
Narsaq,GL,60.9167,-46.05,11.12,52,100,5.18,overcast clouds
Hakkari,TR,37.5833,44.1667,5.88,52,40,5.66,scattered clouds
Cascais,PT,38.6979,-9.4215,18.04,61,20,10.29,few clouds
Yar-Sale,RU,66.8333,70.8333,0.84,100,100,1.84,overcast clouds
Butaritari,KI,3.0707,172.7902,27.46,77,28,7.78,light rain
San Ramon,US,37.7799,-121.978,13.4,64,20,3.09,few clouds
Smidovich,RU,48.6,133.8167,-0.56,92,30,2.77,scattered clouds
Necochea,AR,-38.5473,-58.7368,17.46,50,1,6.61,clear sky
Aklavik,CA,68.2191,-135.0107,-11,67,75,6.17,broken clouds
Bluff,NZ,-46.6,168.3333,7.11,82,83,5.65,broken clouds
Isangel,VU,-19.55,169.2667,25.16,85,10,2.39,clear sky
Ribeira Grande,PT,38.5167,-28.7,17.22,77,40,10.29,scattered clouds
Tuyen Quang,VN,21.8233,105.2181,23.51,83,0,1.45,clear sky
Manoel Urbano,BR,-8.8389,-69.2597,28.97,79,97,1.55,light rain
Pitsunda,GE,43.1592,40.3378,7.1,81,92,2.1,overcast clouds
Sinnamary,GF,5.3833,-52.95,26.73,81,35,5.68,scattered clouds
Kitimat,CA,54.0524,-128.6534,-0.79,39,37,2.53,scattered clouds
Ponta Do Sol,PT,32.6667,-17.1,20.4,78,86,0.3,overcast clouds
Sao Mateus,BR,-18.7161,-39.8589,30.79,56,38,2.52,scattered clouds
Cabanas,CU,22.9758,-82.9219,30.52,50,85,3.78,light rain
Patiya,BD,22.2931,91.9762,23.41,93,18,2.5,few clouds
Airai,TL,-8.9266,125.4092,15.42,92,100,0.9,overcast clouds
Carutapera,BR,-1.195,-46.02,26.92,90,88,2.89,overcast clouds
Cabo San Lucas,MX,22.8909,-109.9124,29.78,52,0,2.06,clear sky
College,US,64.8569,-147.8028,2.17,55,75,0,broken clouds
Portland,US,45.5234,-122.6762,6.06,90,100,4.63,overcast clouds
Jilin,CN,43,126,5.7,45,76,1.79,broken clouds
Norman Wells,CA,65.282,-126.8329,-10.98,48,40,1.54,scattered clouds
Clyde River,CA,70.4692,-68.5914,-18.87,84,20,1.54,few clouds
Kodiak,US,57.79,-152.4072,4.73,56,0,6.69,clear sky
Mombetsu,JP,44.3525,143.3525,-2.39,89,96,1.58,overcast clouds
Dubovskoye,RU,47.4092,42.7575,5.63,76,89,4.71,overcast clouds
Kapaa,US,22.0752,-159.319,23.44,94,40,5.14,scattered clouds
Nueve De Julio,AR,-35.4444,-60.8831,19.65,34,11,4.82,few clouds
Pemba,MZ,-12.974,40.5178,27.39,83,75,4.12,broken clouds
Prijepolje,RS,43.3719,19.6406,8.37,73,5,1.22,clear sky
Port Moresby,PG,-9.4431,147.1797,22.68,94,20,1.54,few clouds
Vanderhoof,CA,54.0166,-124.0198,-5.07,35,17,2.48,few clouds
Conde,BR,-7.2597,-34.9075,30.7,58,40,3.6,scattered clouds
Mananjary,MG,-21.2167,48.3333,23.39,89,7,2.67,moderate rain
Hong Gai,VN,20.956,107.0946,24.95,95,1,0.77,clear sky
Pevek,RU,69.7008,170.3133,-20.65,95,88,0.31,overcast clouds
Lorengau,PG,-2.0226,147.2712,27.14,77,37,3.51,scattered clouds
Tefe,BR,-3.3542,-64.7114,33.06,70,40,2.06,scattered clouds
Nuuk,GL,64.1835,-51.7216,-0.66,80,20,6.17,few clouds
Sorland,NO,67.667,12.6934,2.92,73,92,3.62,overcast clouds
Denpasar,ID,-8.65,115.2167,26.81,88,20,1.03,few clouds
Turayf,SA,31.6725,38.6637,21.14,18,0,2.06,clear sky
Vanavara,RU,60.34,102.2797,-0.34,90,100,7.04,light snow
Fresnillo,MX,23.1667,-102.8833,19.75,7,34,3.78,scattered clouds
Vila Franca Do Campo,PT,37.7167,-25.4333,17.23,90,66,9.59,broken clouds
Edgewater,US,28.9889,-80.9023,30.65,50,40,6.17,scattered clouds
Tupik,RU,54.4253,119.9327,-9.31,91,65,1.11,broken clouds
Vitoria Da Conquista,BR,-14.8661,-40.8394,28.54,45,71,2.66,broken clouds
Khatanga,RU,71.9667,102.5,-9.56,95,100,4.3,light snow
Xinzhi,CN,36.4989,111.7047,14.76,44,100,2,overcast clouds
Georgetown,MY,5.4112,100.3354,26.97,89,40,1.54,thunderstorm
Sakaiminato,JP,35.55,133.2333,12.99,100,75,7.2,mist
Mar Del Plata,AR,-38.0023,-57.5575,20.01,65,0,5.36,clear sky
Hambantota,LK,6.1241,81.1185,26.84,82,57,5.55,broken clouds
Nanortalik,GL,60.1432,-45.2371,3.84,72,96,2.25,overcast clouds
Leningradskiy,RU,69.3833,178.4167,-21.11,96,78,5.23,broken clouds
Tateyama,JP,34.9833,139.8667,17.83,96,50,2.15,scattered clouds
Chokwe,MZ,-24.5333,32.9833,28.65,52,81,4.48,broken clouds
Axim,GH,4.8699,-2.2405,26.72,80,100,3.81,overcast clouds
Ulladulla,AU,-35.35,150.4667,15.5,86,11,1.71,few clouds
Kudahuvadhoo,MV,2.6708,72.8944,29.27,74,99,6.16,overcast clouds
Bhanjanagar,IN,19.9333,84.5833,30.18,48,44,1.57,scattered clouds
Kolvereid,NO,64.8655,11.6047,6.49,83,29,2.78,scattered clouds
Mayumba,GA,-3.432,10.6554,25.39,86,67,3.03,broken clouds
Castro,BR,-24.7911,-50.0119,20.64,88,100,2.29,overcast clouds
Nakhon Phanom,TH,17.3333,104.4167,27.66,52,20,2.97,few clouds
Byron Bay,AU,-28.65,153.6167,16.08,82,98,5.33,light rain
Vanimo,PG,-2.6741,141.3028,25.66,79,26,0.94,scattered clouds
Nioro,GM,13.35,-15.75,36.95,17,61,5.88,broken clouds
Sao Gabriel Da Cachoeira,BR,-0.1303,-67.0892,32.68,56,94,1.08,overcast clouds
Saint George,US,37.1041,-113.5841,12.66,17,0,1.34,clear sky
Morehead,US,37.2711,-87.1764,22.1,90,75,3.09,broken clouds
Lazaro Cardenas,MX,17.9583,-102.2,28.92,61,100,3.71,overcast clouds
Asau,RO,46.4333,26.4,11.51,64,64,2.82,broken clouds
Cayenne,GF,4.9333,-52.3333,28.02,1,75,6.69,broken clouds
Abapo,BO,-18.8333,-63.4667,18.89,96,100,0.74,overcast clouds
Hong,DK,55.5117,11.2903,13.37,89,100,3.5,overcast clouds
Baykit,RU,61.67,96.37,1.47,88,100,5.49,overcast clouds
Arki,IN,31.15,76.9667,19.25,32,40,3.59,scattered clouds
Haukipudas,FI,65.1765,25.3523,4.03,72,100,1.86,overcast clouds
Mana,GF,5.6592,-53.7767,27.36,74,25,5.34,scattered clouds
Ahuimanu,US,21.4447,-157.8378,24.88,74,40,3.6,scattered clouds
Fortuna,US,40.5982,-124.1573,10.92,82,20,4.63,few clouds
Saint-Joseph,RE,-21.3667,55.6167,23.21,86,91,7.45,light rain
Rio Grande,BR,-32.035,-52.0986,26.06,60,83,4.73,broken clouds
Troitsko-Pechorsk,RU,62.7084,56.1964,1.53,98,100,2.65,overcast clouds
Grindavik,IS,63.8424,-22.4338,8.97,81,100,10.29,light intensity drizzle
Kyren,RU,51.6828,102.1408,-5.12,70,95,0.63,overcast clouds
Port Elizabeth,ZA,-33.918,25.5701,18.39,95,75,8.23,broken clouds
Nogliki,RU,51.8333,143.1667,-10.41,96,57,3.03,broken clouds
Lakes Entrance,AU,-37.8811,147.981,11.81,88,4,1.87,clear sky
Adrar,MR,20.5022,-10.0711,33.62,8,8,5.24,clear sky
Boysun,UZ,38.2061,67.1986,17.25,38,14,2.14,few clouds
Esperance,AU,-33.8667,121.9,16.91,85,80,7.03,broken clouds
Lamu,KE,-2.2717,40.902,29.12,78,17,4.41,few clouds
Ostrovnoy,RU,68.0531,39.5131,-7.38,92,100,2.09,overcast clouds
Slavutych,UA,51.5196,30.7343,5.01,86,100,5.89,overcast clouds
Geraldton,AU,-28.7667,114.6,15.23,94,0,2.57,clear sky
San Rafael Del Sur,NI,11.8485,-86.4384,32.54,35,92,6.39,overcast clouds
Tupiza,BO,-21.45,-65.7167,21.1,6,0,9.28,clear sky
Ancud,CL,-41.8697,-73.8203,16.79,69,35,2.42,scattered clouds
Pangody,RU,65.85,74.4859,1.08,100,100,4.31,overcast clouds
Richards Bay,ZA,-28.783,32.0377,22.91,76,90,3.97,overcast clouds
Biltine,TD,14.5333,20.9167,34.17,10,4,3.29,clear sky
Saint-Augustin,CA,51.226,-58.6502,2.43,99,100,1.95,overcast clouds
Margate,GB,51.3813,1.3862,14.06,83,63,5.13,broken clouds
San Quintin,MX,30.4833,-115.95,17.31,46,16,4.81,few clouds
Iqaluit,CA,63.7506,-68.5145,-16.15,71,20,9.26,few clouds
Kathmandu,NP,27.7167,85.3167,20.12,94,75,3.09,thunderstorm
Belaya Gora,RU,68.5333,146.4167,-26,100,99,0.77,overcast clouds
Bathsheba,BB,13.2167,-59.5167,29.34,58,20,10.29,few clouds
Cradock,ZA,-32.1642,25.6192,20.52,47,48,1.44,scattered clouds
Nador,MA,35.174,-2.9287,18.14,63,0,6.69,clear sky
Christchurch,NZ,-43.5333,172.6333,5.23,100,100,0.51,fog
Namatanai,PG,-3.6667,152.4333,26.14,80,48,2.94,light rain
Fukue,JP,32.6881,128.8419,15.8,93,100,10.12,light rain
San Cristobal,VE,7.7669,-72.225,29.1,42,90,3.68,overcast clouds
Kimbe,PG,-5.5502,150.1429,23.96,93,56,1.59,broken clouds
Qaqortoq,GL,60.7167,-46.0333,7.28,51,100,2.93,overcast clouds
Royan,FR,45.6285,-1.0281,16.57,83,100,2.84,overcast clouds
Dikson,RU,73.5069,80.5464,-2.65,94,100,6.09,overcast clouds
Galesong,ID,-5.3166,119.3661,25.01,76,87,1.68,overcast clouds
Kidal,ML,18.4411,1.4078,35.19,5,100,2.82,overcast clouds
Torquay,GB,50.4638,-3.5143,14.28,62,36,2.24,scattered clouds
Dingle,PH,10.9995,122.6711,24.03,87,100,1.32,overcast clouds
Vegreville,CA,53.5001,-112.0518,-9.61,61,100,5.66,overcast clouds
Saint Simons,US,31.1352,-81.3901,27.03,59,0,5.66,clear sky
Longyearbyen,SJ,78.2186,15.6401,-7.09,79,40,2.57,scattered clouds
Amahai,ID,-3.3333,128.9167,25.63,84,82,1.09,broken clouds
Dunhua,CN,43.3725,128.2425,2.62,54,70,1.46,broken clouds
Porto Novo,BJ,6.4965,2.6036,28.9,78,94,4.49,overcast clouds
Saldanha,ZA,-33.0117,17.9442,18.03,91,100,8.04,overcast clouds
Veraval,IN,20.9,70.3667,27.16,81,0,5.71,clear sky
Shaunavon,CA,49.6501,-108.4181,-9.12,79,100,8.69,light snow
Talnakh,RU,69.4865,88.3972,-1.55,95,100,4.23,overcast clouds
Anadyr,RU,64.75,177.4833,-2.72,86,75,10,snow
Palasa,IN,18.7667,84.4167,27.7,77,96,5.44,overcast clouds
Sunndalsora,NO,62.6754,8.5515,3.24,91,100,1.88,overcast clouds
Sioux Lookout,CA,50.1001,-91.917,1.04,60,100,6.17,overcast clouds
Yulara,AU,-25.2406,130.9889,27.91,26,98,3.09,overcast clouds
Grants Pass,US,42.439,-123.3284,5.75,88,40,2.57,scattered clouds
Pedasi,PA,7.5333,-80.0333,33.93,66,100,5.28,overcast clouds
North Augusta,US,33.5018,-81.9651,26.3,60,0,5.66,clear sky
Tiksi,RU,71.6872,128.8694,-26.55,100,100,0.71,overcast clouds
Nikolskoye,RU,59.7035,30.7861,3.78,94,12,1.51,few clouds
Kulhudhuffushi,MV,6.6221,73.07,28.81,75,100,5.37,overcast clouds
Lufilufi,WS,-13.8745,-171.5986,22.88,73,8,6.13,clear sky
Torbay,CA,47.6666,-52.7314,2.93,93,100,6.69,light intensity drizzle
Severo-Kurilsk,RU,50.6789,156.125,-1.67,94,100,9.16,snow
Aras,ES,42.5617,-2.356,15.23,51,40,3.09,scattered clouds
Khasan,RU,42.4308,130.6434,4.91,51,100,1.03,overcast clouds
Kikwit,CD,-5.041,18.8162,25.42,76,92,0.77,overcast clouds
Shimoda,JP,34.6667,138.95,18.95,95,72,1.8,broken clouds
Hofn,IS,64.2539,-15.2082,5.01,81,100,5.14,overcast clouds
Half Moon Bay,US,37.4636,-122.4286,14.23,65,75,3.09,broken clouds
Straumen,NO,63.8709,11.2999,10,89,70,1.55,broken clouds
Manggar,ID,-2.8833,108.2667,27.36,71,69,1.48,broken clouds
Mount Gambier,AU,-37.8333,140.7667,9.95,93,40,2.57,scattered clouds
Kutum,SD,14.2,24.6667,27.56,10,1,4.26,clear sky
Raudeberg,NO,61.9875,5.1352,7.7,70,100,3.17,overcast clouds
La Rioja,ES,42.25,-2.5,12.88,85,99,2.91,overcast clouds
Kavieng,PG,-2.5744,150.7967,27.88,76,89,4.04,light rain
Westport,US,41.1415,-73.3579,23.41,45,80,2.24,broken clouds
Itarema,BR,-2.9248,-39.9167,28.44,72,89,3.8,overcast clouds
Nokaneng,BW,-19.6667,22.2667,26.25,33,99,2.64,overcast clouds
Nhulunbuy,AU,-12.2333,136.7667,26.34,94,40,0.51,scattered clouds
Cap Malheureux,MU,-19.9842,57.6142,25.82,84,20,4.02,few clouds
Alkhan-Churt,RU,43.35,44.78,5.7,87,100,1.87,overcast clouds
Yerbogachen,RU,61.2767,108.0108,-1.43,95,100,7.52,snow
Daitari,IN,21.1,85.75,25.04,68,51,1.25,broken clouds
East London,ZA,-33.0153,27.9116,19.52,100,0,0.51,clear sky
Jackson,US,42.4165,-122.8345,4.95,92,100,1.54,mist
Pong,TH,19.1493,100.2752,26.91,37,1,1.47,clear sky
Grand Gaube,MU,-20.0064,57.6608,25.77,84,22,4.02,few clouds
Juneau,US,58.3019,-134.4197,3.32,32,20,7.2,few clouds
Ostersund,SE,63.1792,14.6357,6.25,49,0,2.06,clear sky
Baghpat,IN,28.95,77.2167,32.04,10,59,3.4,broken clouds
Sembakung,ID,3.8167,117.25,22.93,99,100,0.69,overcast clouds
Macau,MO,22.2006,113.5461,24.92,83,40,5.14,scattered clouds
Chapais,CA,49.7834,-74.8492,6.88,58,78,2.3,broken clouds
Qui Nhon,VN,13.7667,109.2333,25.57,90,93,1.67,overcast clouds
Ceres,US,37.5949,-120.9577,13.36,55,0,3.6,clear sky
Flin Flon,CA,54.7682,-101.865,-5.09,80,100,4.12,overcast clouds
Moron,AR,-34.6534,-58.6198,20.57,40,2,3.49,clear sky
Tamiahua,MX,21.2667,-97.45,33.68,50,94,5.1,overcast clouds
Barcelona,ES,41.3888,2.159,16.58,80,20,7.2,few clouds
Alekseyevka,RU,50.6309,38.6903,10.57,93,100,4.69,light rain
Kastamonu,TR,41.5,33.6667,0.09,75,90,3.65,overcast clouds
Saint-Francois,FR,46.4154,3.9054,17.04,67,0,2.57,clear sky
Coos Bay,US,43.3665,-124.2179,9.4,86,100,5.66,overcast clouds
Cobourg,DE,50.2667,10.9667,15.03,65,100,0.57,overcast clouds
Suyo,PH,16.9762,120.5254,25.03,87,76,0.31,broken clouds
Mahebourg,MU,-20.4081,57.7,25.7,88,75,6.69,broken clouds
Luderitz,NA,-26.6481,15.1594,17.51,80,30,4.85,scattered clouds
Mogadishu,SO,2.0371,45.3438,28.1,76,72,6.23,broken clouds
Cherskiy,RU,68.75,161.3,-19.24,95,65,2.85,broken clouds
Sur,OM,22.5667,59.5289,31.12,28,0,3.05,clear sky
Kahului,US,20.8947,-156.47,24.91,78,20,7.15,few clouds
Avera,US,33.194,-82.5271,25.31,49,100,5.75,overcast clouds
Atyrau,KZ,47.1167,51.8833,11.01,58,0,3,clear sky
Canutama,BR,-6.5339,-64.3831,28.94,80,88,1.48,overcast clouds
Palmer,US,42.1584,-72.3287,22.32,28,75,8.75,broken clouds
Buala,SB,-8.145,159.5921,26.26,79,26,3.02,scattered clouds
Severo-Yeniseyskiy,RU,60.3725,93.0408,-1.48,92,100,5.1,overcast clouds
Altamont,US,42.2068,-121.7372,1.33,86,100,7.2,overcast clouds
Tsurib,RU,42.2368,46.8307,-0.55,98,100,1.9,snow
Aguimes,ES,27.9054,-15.4461,20.37,64,20,12.86,few clouds
Talcahuano,CL,-36.7167,-73.1167,19.82,37,0,6.17,clear sky
Caravelas,BR,-17.7125,-39.2481,29.16,63,47,3.09,scattered clouds
Henties Bay,NA,-22.116,14.2845,17.4,80,23,4.19,few clouds
Rantauprapat,ID,2.1,99.8333,23.29,97,100,0.78,overcast clouds
Dhidhdhoo,MV,6.8833,73.1,28.72,75,100,5.04,moderate rain
Moree,AU,-29.4667,149.85,13.01,88,2,3.09,clear sky
Bloomsburg,US,41.0037,-76.4549,25.48,54,93,4.27,overcast clouds
Phan Thiet,VN,10.9333,108.1,26,87,100,2.12,overcast clouds
Tilichiki,RU,60.4667,166.1,-8.74,94,100,3.63,light snow
Tokur,RU,53.1333,132.9,-16.8,100,96,0.5,overcast clouds
Salinas,US,36.6777,-121.6555,13.88,46,0,0,clear sky
Berlevag,NO,70.8578,29.0864,-3.03,68,0,3.09,clear sky
Rock Springs,US,41.5875,-109.2029,-1.09,57,100,7.72,overcast clouds
Zapolyarnyy,RU,69.4154,30.8136,-2.4,94,100,1.31,overcast clouds
Khovu-Aksy,RU,51.1333,93.6,-8.44,70,46,0.37,scattered clouds
El Pardo,PH,9.66,123.4944,26.62,78,100,2.44,overcast clouds
Ixtapa,MX,20.7,-105.2,34.23,34,48,3.24,scattered clouds
Carnarvon,AU,-24.8667,113.6333,20.04,60,0,4.63,clear sky
Atagay,RU,55.1033,99.3875,-4.88,94,16,1.23,few clouds
Plouzane,FR,48.3833,-4.6167,16.18,72,20,3.6,few clouds
Limon,CR,10,-83.0333,25.94,89,75,4.63,drizzle
Chase,CA,50.8165,-119.6857,6.71,43,99,2.19,overcast clouds
Inirida,CO,3.8653,-67.9239,30.79,67,99,0.7,overcast clouds
Cordoba,AR,-31.4135,-64.1811,25.42,22,0,2.06,clear sky
North Battleford,CA,52.7834,-108.2847,-8.95,62,100,6.69,overcast clouds
Goderich,CA,43.7501,-81.7165,19.18,72,100,7.72,overcast clouds
Comodoro Rivadavia,AR,-45.8667,-67.5,19.92,40,0,6.17,clear sky
Bonthe,SL,7.5264,-12.505,27.65,74,87,6.33,light rain
Antigonish,CA,45.6169,-61.9986,4.1,86,100,4.84,overcast clouds
Beyneu,KZ,45.3167,55.2,15.46,55,1,7.2,clear sky
Noumea,NC,-22.2763,166.4572,24.44,99,7,1.63,clear sky
Khvoynaya,RU,58.9,34.5333,-0.91,96,73,1.37,broken clouds
Gigmoto,PH,13.7796,124.39,24.65,84,100,2.11,overcast clouds
Jablah,SY,35.3614,35.9256,15.16,55,0,1.54,clear sky
Ushtobe,KZ,45.2514,77.9838,14.61,26,7,3.77,clear sky
San Patricio,US,28.017,-97.5169,32.05,42,93,2.88,overcast clouds
La Ronge,CA,55.1001,-105.2842,-9.88,62,100,4.12,overcast clouds
Lata,PT,40.1629,-8.3327,17.73,72,74,3.18,broken clouds
Fort Morgan,US,40.2503,-103.8,-0.64,40,0,5.14,clear sky
Banjarmasin,ID,-3.3244,114.591,25.08,88,100,0.8,overcast clouds
Makakilo City,US,21.3469,-158.0858,24.23,68,0,3.6,clear sky
Port Hardy,CA,50.6996,-127.4199,7.1,61,75,5.66,broken clouds
Sao Filipe,CV,14.8961,-24.4956,21.61,76,36,6.48,scattered clouds
Kruisfontein,ZA,-34.0033,24.7314,17.16,81,9,3.96,clear sky
Altoona,US,40.5187,-78.3947,25.76,59,99,1.34,overcast clouds
Ilinskiy,RU,55.619,38.1182,5.73,81,75,4.92,broken clouds
Spornoye,RU,50.8448,37.2913,12.62,67,99,7.56,overcast clouds
Tuatapere,NZ,-46.1333,167.6833,6.51,88,78,1.82,broken clouds
Staryy Nadym,RU,65.6118,72.6842,1.41,99,100,4.31,overcast clouds
Tasiilaq,GL,65.6145,-37.6368,1.09,80,100,3.16,overcast clouds
Chuy,UY,-33.6971,-53.4616,22.11,32,36,4.46,scattered clouds
Nantucket,US,41.2835,-70.0995,17.08,66,0,6.17,clear sky
Kalevala,RU,65.2,31.1667,-1.15,92,100,1.34,overcast clouds
Minas,UY,-34.3759,-55.2377,18.29,43,2,6.55,clear sky
Umm Kaddadah,SD,13.6017,26.6876,30.28,11,4,5.15,clear sky
Birin,NP,26.8865,88.0718,17.24,76,67,2.2,broken clouds
Zholymbet,KZ,51.7433,71.7122,8.16,59,97,4.36,overcast clouds
Nerang,AU,-27.9833,153.3333,17.14,95,99,1.34,light rain
Ormara,PK,25.2088,64.6357,26.58,76,0,5.06,clear sky
Saint-Georges,GD,12.0564,-61.7485,29.82,66,40,12.86,scattered clouds
Blythe,US,33.6103,-114.5964,18.91,8,0,1.54,clear sky
Sakakah,SA,29.9697,40.2064,26.76,18,41,2.89,scattered clouds
Tahoua,NE,14.8888,5.2692,39.99,18,0,3.09,clear sky
Lasa,IT,46.6166,10.7002,17.49,90,99,1.1,overcast clouds
Umba,RU,66.6871,34.3429,-1.57,83,90,0.34,overcast clouds
Moyale,KE,3.5167,39.0584,22.64,67,17,2.08,few clouds
Cabedelo,BR,-6.9811,-34.8339,31.37,63,92,3.74,overcast clouds
Novyy Urgal,RU,51.0736,132.5642,-9.63,94,55,1.54,broken clouds
Talaya,RU,61.3833,152.75,-15.87,97,100,1.66,light snow
Grand Island,US,40.925,-98.342,4.88,26,0,10.8,clear sky
Uddevalla,SE,58.3478,11.9424,9.99,70,100,2.17,overcast clouds
Bonavista,CA,48.6499,-53.1147,-0.16,97,100,10.83,light snow
Boende,CD,-0.2167,20.8667,22.7,95,78,2.16,light rain
Iquitos,PE,-3.7481,-73.2472,27.02,83,75,1.03,broken clouds
Rybnaya Sloboda,RU,55.4613,50.1409,3.92,95,47,1.78,scattered clouds
Namibe,AO,-15.1961,12.1522,24.17,83,5,3.94,clear sky
Sinop,TR,41.7711,34.8709,3.33,69,99,4.2,overcast clouds
Lexington,US,37.9887,-84.4777,25,50,75,5.66,broken clouds
Srednekolymsk,RU,67.45,153.6833,-29.8,100,94,1.65,overcast clouds
Eltham,NZ,-39.4292,174.3,12.6,74,60,3.74,broken clouds
Hasaki,JP,35.7333,140.8333,14.22,91,74,9.75,broken clouds
Miles City,US,46.4083,-105.8406,-7.46,79,100,11.32,overcast clouds
Klaksvik,FO,62.2266,-6.589,7.51,88,99,6.45,overcast clouds
Mondovi,IT,44.396,7.8176,17.73,76,94,0.94,overcast clouds
Kloulklubed,PW,7.0419,134.2556,27.28,78,100,7.71,overcast clouds
Campo Formoso,BR,-10.5075,-40.3214,33.39,32,26,2.32,scattered clouds
Fare,PF,-16.7,-151.0167,27.48,74,1,6.7,light rain
Coquimbo,CL,-29.9533,-71.3436,14.85,82,40,7.2,scattered clouds
Nemuro,JP,43.3236,145.575,-0.09,80,100,6.91,overcast clouds
Port Macquarie,AU,-31.4333,152.9167,14.38,77,59,3.04,broken clouds
Dunedin,NZ,-45.8742,170.5036,9.33,84,23,0.89,few clouds
Lakewood,US,39.7047,-105.0814,5.26,24,90,6.26,overcast clouds
Pietarsaari,FI,63.65,22.6833,6.07,93,100,2.72,overcast clouds
Chimbote,PE,-9.0853,-78.5783,22.18,72,33,5.97,scattered clouds
Vostok,RU,46.4856,135.8833,-6.21,94,38,1.93,scattered clouds
Kashirskoye,RU,51.4194,39.6125,12.36,78,100,4.46,light rain
South Lake Tahoe,US,38.9332,-119.9844,4.33,40,0,6.69,clear sky
Trinidad,BO,-14.8333,-64.9,33.99,55,40,6.17,scattered clouds
Saint Anthony,US,45.0205,-93.218,3.47,85,100,8.75,overcast clouds
Maceio,BR,-9.6658,-35.7353,31.69,58,40,4.63,scattered clouds
Oksfjord,NO,70.2396,22.3479,3.1,89,94,2.41,overcast clouds
Bac Lieu,VN,9.285,105.7244,27.35,80,45,3.82,scattered clouds
Nagornyy,RU,52.7959,83.5498,4.38,61,5,5.41,clear sky
Mehamn,NO,71.0357,27.8492,-3.05,83,94,2.69,overcast clouds
Urengoy,RU,65.9667,78.3667,0.76,100,100,3.18,overcast clouds
Aripuana,BR,-9.1667,-60.6333,30.43,71,82,0.26,broken clouds
Beringovskiy,RU,63.05,179.3167,-4.6,96,100,5.14,snow
Havelock,US,34.8791,-76.9013,27.98,72,40,6.69,scattered clouds
Awbari,LY,26.5921,12.7805,32.06,6,29,3.77,scattered clouds
Catamarca,AR,-28.4696,-65.7852,23.1,66,53,0.89,broken clouds
Vesoul,FR,47.5833,5.8333,19.45,86,47,3.37,scattered clouds
Biak,ID,-0.9131,122.8766,25.19,81,100,1.24,overcast clouds
Muros,ES,42.7762,-9.0603,17.05,74,10,5.28,clear sky
Padang,ID,-0.9492,100.3543,26.06,85,100,1.21,overcast clouds
Maputo,MZ,-25.9653,32.5892,26.82,83,20,6.17,few clouds
Krasnoselkup,RU,65.7,82.4667,0.84,99,100,6.02,overcast clouds
Araouane,ML,18.9048,-3.5265,36.31,5,73,4.26,broken clouds
Los Llanos De Aridane,ES,28.6585,-17.9182,16.86,91,40,7.72,scattered clouds
Poum,NC,-20.2333,164.0167,24.65,72,0,3.69,clear sky
Kamaishi,JP,39.2667,141.8833,6.71,88,98,5.41,overcast clouds
Mandera,KE,3.9366,41.867,33.23,38,86,4.06,overcast clouds
Owando,CG,-0.4819,15.8999,22.62,96,99,0.34,moderate rain
Yinchuan,CN,38.4681,106.2731,9.69,15,100,3.49,overcast clouds
Diveyevo,RU,55.0433,43.2418,8.49,88,76,2.93,broken clouds
Pocone,BR,-16.2567,-56.6228,34.02,46,31,1.68,scattered clouds
Lander,US,42.833,-108.7307,-6.61,77,100,2.06,overcast clouds
Homer,US,59.6425,-151.5483,2.65,76,0,2.24,clear sky
Kamenka,RU,51.3223,42.7678,10.57,90,100,6.56,light rain
Zhangjiakou,CN,40.81,114.8794,6.26,39,27,4.3,scattered clouds
Mapiripan,CO,2.8892,-72.1256,32.78,50,92,4.41,overcast clouds
La Libertad,EC,-2.2333,-80.9,25.81,73,20,4.12,few clouds
Daru,PG,-9.0763,143.2092,26.41,90,100,3.83,overcast clouds
Ornskoldsvik,SE,63.2909,18.7153,3.53,81,100,1.54,overcast clouds
Najran,SA,17.4924,44.1277,29.36,18,55,2.1,broken clouds
Kozhva,RU,65.1073,57.0459,2.1,96,100,2.06,overcast clouds
Betioky,MG,-23.7167,44.3833,23.09,70,78,0.34,broken clouds
Salalah,OM,17.0151,54.0924,28.05,83,0,2.57,clear sky
Smolenka,RU,52.1352,113.4974,-5.96,86,5,0,clear sky
Soyo,AO,-6.1349,12.3689,26.45,82,100,2.09,overcast clouds
Pimentel,PE,-6.8367,-79.9342,23.16,64,0,7.72,clear sky
Kaoma,ZM,-14.7833,24.8,20.11,78,29,1.83,scattered clouds
Vestmanna,FO,62.1564,-7.1664,6.51,93,75,5.14,broken clouds
Huarmey,PE,-10.0681,-78.1522,22.79,70,8,5.6,clear sky
Ada,US,43.4166,-116.1262,4.61,57,100,6.26,overcast clouds
Okhotsk,RU,59.3833,143.3,-13.66,78,33,5.89,scattered clouds
Salekhard,RU,66.53,66.6019,0.58,99,100,0.91,overcast clouds
Riyadh,SA,24.6877,46.7219,33.08,16,88,7.32,overcast clouds
Burnie,AU,-41.0667,145.9167,10.51,80,22,1.87,few clouds
Londoko,RU,49.0333,131.9833,-4.56,88,12,0.95,few clouds
Slonim,BY,53.0867,25.3219,6.66,63,25,2.02,scattered clouds
Hualmay,PE,-11.0964,-77.6139,22.17,70,32,5.26,scattered clouds
Hurghada,EG,27.2574,33.8129,24.02,31,0,7.72,clear sky
Nakonde,ZM,-9.3421,32.745,15.79,94,72,1.42,broken clouds
Traverse City,US,44.7631,-85.6206,19.91,87,100,5.66,mist
Muli,MV,2.9167,73.5667,29,76,96,6.26,overcast clouds
Kodinsk,RU,58.6881,99.1844,-0.27,88,100,5,light snow
Sorong,ID,-0.8833,131.25,26.03,88,100,2.45,moderate rain
Welkom,ZA,-27.9864,26.7066,18.2,48,13,2.38,few clouds
Chancay,PE,-11.5714,-77.2672,21.12,73,43,4.18,scattered clouds
Nyurba,RU,63.2842,118.3319,-2.09,96,100,4.62,light snow
Tual,ID,-5.6667,132.75,28.29,75,100,2.17,overcast clouds
Calamar,CO,10.2511,-74.9146,37.97,32,66,2.86,broken clouds
Sivas,TR,39.7916,37.0019,-1.65,74,40,2.57,scattered clouds
Olafsvik,IS,64.8945,-23.7142,5.99,75,98,4.61,overcast clouds
Kysyl-Syr,RU,63.8986,122.7617,-4.71,95,100,2.74,overcast clouds
Ahipara,NZ,-35.1667,173.1667,16.34,72,78,5.72,broken clouds
Tanout,NE,14.9709,8.8879,34.34,11,44,0.97,scattered clouds
Yablonovo,RU,50.8523,37.3574,12.49,68,99,7.4,overcast clouds
Mitsamiouli,KM,-11.3847,43.2844,28.01,75,77,4.1,broken clouds
Donaueschingen,DE,47.95,8.5,16.63,87,78,2.18,broken clouds
Kizilskoye,RU,52.7255,58.8937,8.58,91,69,0.93,broken clouds
Te Anau,NZ,-45.4167,167.7167,5.06,90,49,0.49,scattered clouds
Praia Da Vitoria,PT,38.7333,-27.0667,18.14,82,20,10.03,few clouds
Rioja,AR,-29.4111,-66.8507,22.83,54,51,2.39,broken clouds
Bakchar,RU,57.0186,82.0711,0.99,93,69,1.2,broken clouds
Kangaatsiaq,GL,68.3065,-53.4641,-12.03,85,100,5.68,overcast clouds
Quelimane,MZ,-17.8786,36.8883,27.97,83,40,3.09,scattered clouds
Utraula,IN,27.3167,82.4167,31.22,17,3,3.97,clear sky
Horni Slavkov,CZ,50.1386,12.8076,15.1,51,0,2.06,clear sky
Ledyard,US,41.4398,-72.0142,21.82,29,0,4.12,clear sky
Altay,CN,47.8667,88.1167,4.62,41,46,4.54,scattered clouds
Atlantic City,US,39.3643,-74.4229,26.77,65,0,3.6,clear sky
Trelew,AR,-43.249,-65.3051,19.36,32,5,4.74,clear sky
Mogocha,RU,53.7333,119.7667,-9.91,96,40,1.26,scattered clouds
George,ZA,-33.963,22.4617,16.75,94,0,2.57,clear sky
Shestakovo,RU,56.4915,103.96,-3.68,91,56,1.63,broken clouds
Beipiao,CN,41.7919,120.7792,7.35,25,4,0.75,clear sky
Hami,CN,42.8,93.45,12.28,11,77,3.72,broken clouds
Sulangan,PH,11.1373,123.7228,27.1,76,100,3.78,overcast clouds
Vasteras,SE,59.6162,16.5528,5.55,76,75,2.06,broken clouds
Taltal,CL,-25.4,-70.4833,18.79,67,0,2.55,clear sky
Vila,PT,42.0304,-8.1588,13.17,63,69,1.75,broken clouds
Lompoc,US,34.6391,-120.4579,20.01,43,0,7.72,clear sky
Ossora,RU,59.2353,163.0719,-6.63,95,100,3.06,overcast clouds
Jalu,LY,29.0331,21.5482,23.27,16,4,5.88,clear sky
Kapuskasing,CA,49.4169,-82.4331,5.05,48,75,4.12,broken clouds
Upington,ZA,-28.4478,21.2561,22.21,40,20,2.57,few clouds
Vestmannaeyjar,IS,63.4427,-20.2734,6.55,81,75,16.46,broken clouds
Zhanaozen,KZ,43.3,52.8,13.95,48,0,7.27,clear sky
Vila Velha,BR,-20.3297,-40.2925,31.97,76,20,6.69,few clouds
Touros,BR,-5.1989,-35.4608,29.51,60,11,4.84,few clouds
Batie,BF,9.8833,-2.9167,36.23,25,55,1.25,broken clouds
Naples,IT,40.8333,14.25,17.1,64,0,3.09,clear sky
Agadez,NE,19.75,10.25,34.83,7,41,6.6,scattered clouds
Halifax,CA,44.6453,-63.5724,14.27,33,40,8.23,scattered clouds
Novoagansk,RU,61.9449,76.6625,1.2,99,95,3.79,overcast clouds
Porto Murtinho,BR,-21.6989,-57.8825,25.7,78,98,3.41,moderate rain
Peterhead,GB,57.5058,-1.7981,7.22,88,96,9.87,overcast clouds
Balkanabat,TM,39.5108,54.3671,19.58,49,0,3.99,clear sky
Wasilla,US,61.5814,-149.4394,2.51,64,20,1.54,few clouds
Nizhniy Tsasuchey,RU,50.5167,115.1333,-0.09,56,69,1.86,broken clouds
Majene,ID,-3.5403,118.9707,25.29,88,92,1.44,overcast clouds
Naze,JP,28.3667,129.4833,20.51,89,26,3.61,scattered clouds
Alice Springs,AU,-23.7,133.8833,20.68,32,0,2.57,clear sky
Calama,CL,-22.4667,-68.9333,23.27,11,0,8.75,clear sky
Baoding,CN,38.8511,115.4903,9.42,42,78,1.56,broken clouds
Port Huron,US,42.9709,-82.4249,21.04,71,100,8.23,overcast clouds
Isabela,PH,6.7085,121.9711,25.82,85,72,2.57,broken clouds
Mtwara,TZ,-10.2667,40.1833,25.74,86,100,3.27,light rain
Hokota,JP,36.15,140.5167,14.22,82,75,8.23,broken clouds
Quatre Cocos,MU,-20.2078,57.7625,26.16,84,55,9.4,light rain
Sao Joao Da Barra,BR,-21.6403,-41.0511,33.05,75,19,4.91,few clouds
Nyakahanga,TZ,-1.6033,31.1414,17,81,66,0.72,broken clouds
Canavieiras,BR,-15.675,-38.9472,29.13,65,45,3.98,scattered clouds
Uglegorsk,RU,49.0833,142.0333,-2.11,82,36,2.28,scattered clouds
Bagan,RU,54.1001,77.6646,6.22,80,0,5.18,clear sky
Huoqiu,CN,32.3394,116.2694,8.89,64,5,1.65,clear sky
Gladstone,AU,-23.85,151.25,21.96,73,40,3.09,scattered clouds
Caucaia,BR,-3.7361,-38.6531,29.97,73,40,4.63,scattered clouds
Salinopolis,BR,-0.6136,-47.3561,27.53,79,100,4.07,overcast clouds
Vao,NC,-22.6667,167.4833,23.89,67,2,0.33,clear sky
Pasni,PK,25.2631,63.471,26.62,75,0,3.04,clear sky
Ust-Tsilma,RU,65.441,52.1498,1.09,99,100,2.65,light snow
Crotone,IT,39.0851,17.1178,13.97,76,0,2.06,clear sky
Bambous Virieux,MU,-20.3428,57.7575,26.23,88,75,6.69,light rain
Stromness,GB,58.965,-3.296,6.98,86,100,5.36,overcast clouds
Silver City,US,32.7701,-108.2803,12.17,7,0,8.75,clear sky
Hovd,MN,48.0056,91.6419,-4.49,47,100,2.6,overcast clouds
Changping,CN,40.2186,116.2197,4.8,25,56,1.81,broken clouds
Umm Bab,QA,25.2142,50.8072,26.52,56,100,3.86,overcast clouds
Kuala Pilah,MY,2.7389,102.2487,24.05,91,100,0.91,overcast clouds
Arman,RU,59.7,150.1667,-9.96,77,100,3.23,overcast clouds
Kasempa,ZM,-13.4584,25.8338,19.71,84,61,2.19,broken clouds
Farah,AF,32.5,62.5,22.93,11,0,1.69,clear sky
Troitskoye,RU,52.9821,84.6757,2.08,70,9,4.75,clear sky
Husavik,IS,66.0449,-17.3389,3.89,84,41,3.97,scattered clouds
Glubczyce,PL,50.2009,17.8286,14.75,66,11,2.79,few clouds
Mackay,AU,-21.15,149.2,24.99,73,40,5.14,scattered clouds
Ukiah,US,39.1502,-123.2078,10.08,78,100,1.54,overcast clouds
Kathu,TH,7.9178,98.3332,30.94,80,98,4.36,overcast clouds
Svetlogorsk,BY,52.6333,29.7333,4.7,80,93,3.28,overcast clouds
Suba,PH,10.8438,121.0102,27.21,80,99,4.76,overcast clouds
Gamba,GA,-2.65,10,26.08,86,79,2.89,broken clouds
Pangnirtung,CA,66.1451,-65.7125,-18,78,40,2.06,scattered clouds
Port Hawkesbury,CA,45.6169,-61.3485,6.62,87,100,6.17,overcast clouds
Kaeo,NZ,-35.1,173.7833,13.98,83,64,3.37,broken clouds
Chicama,PE,-7.8447,-79.1469,18.3,63,54,4.95,broken clouds
Mecca,SA,21.4267,39.8261,29.81,36,5,1.72,clear sky
Unguia,CO,8.0434,-77.0945,28.01,66,98,2.2,overcast clouds
Coolum Beach,AU,-26.5333,153.1,17.97,97,100,5,light rain
Maniitsoq,GL,65.4167,-52.9,-2.77,78,22,7.62,few clouds
Tselinnoye,RU,53.0833,85.6667,0.76,66,11,4.79,few clouds
Kadoma,JP,34.7333,135.5833,18.99,66,100,3.6,light rain
Dawson Creek,CA,55.7666,-120.2362,-8.2,53,100,4.63,overcast clouds
Kentau,KZ,43.5206,68.5094,18.49,50,0,4.39,clear sky
Cassilandia,BR,-19.1133,-51.7342,32.21,42,18,2.49,light rain
Saint-Pierre,RE,-21.3393,55.4781,23.82,94,75,7.72,light rain
Mamlyutka,KZ,54.9375,68.5394,9.58,51,48,6.06,scattered clouds
Puerto Ayacucho,VE,5.6639,-67.6236,34.68,41,92,1.4,overcast clouds
Acapulco,MX,16.8634,-99.8901,29.94,59,51,4.16,broken clouds
Huhi,MX,20.7167,-89.1667,37.33,30,95,4.61,overcast clouds
Masallatah,LY,32.6167,14,17.5,59,100,10.13,overcast clouds
Colesberg,ZA,-30.72,25.0972,18.39,48,0,3.7,clear sky
Mackenzie,CA,55.2999,-123.1698,-6.88,45,0,4.63,clear sky
The Valley,AI,18.217,-63.0578,28.92,57,20,8.23,few clouds
Xingyi,CN,24.1877,102.817,15.89,56,2,1.89,clear sky
Klichka,RU,50.4457,117.996,-2.47,59,7,1.03,clear sky
Soubre,CI,5.7856,-6.6083,26.42,82,92,1.93,moderate rain
Haines Junction,CA,60.7522,-137.5108,-10.03,44,11,0,few clouds
Camocim,BR,-2.9022,-40.8411,27.48,83,72,3.96,broken clouds
Udachnyy,RU,66.4167,112.4,-4.75,92,99,3.36,overcast clouds
Bambanglipuro,ID,-7.95,110.2833,24.92,85,15,1.25,few clouds
Itamarandiba,BR,-17.8572,-42.8589,27.07,57,50,0.51,scattered clouds
Olinda,BR,-8.0089,-34.8553,29.85,62,0,3.6,clear sky
Cururupu,BR,-1.8283,-44.8683,28.7,74,77,2.6,broken clouds
Navoi,UZ,40.0844,65.3792,18.71,52,3,2.06,clear sky
Joshimath,IN,30.5667,79.5667,12.76,64,63,2.56,broken clouds
Panzhihua,CN,26.5851,101.7128,21.36,51,93,0.36,overcast clouds
Zhigansk,RU,66.7697,123.3711,-8.73,94,100,8.27,light snow
Miquelon,PM,47.0975,-56.3814,3,85,100,8.44,overcast clouds
Sheridan,US,44.8333,-106.9173,-7.79,69,20,15.43,few clouds
Lacombe,CA,52.4668,-113.7353,-6.7,92,100,5.14,overcast clouds
Belmonte,BR,-15.8631,-38.8828,28.41,68,56,3.85,broken clouds
Eureka,US,40.8021,-124.1637,11.07,90,100,1.79,overcast clouds
Rosario Oeste,BR,-14.8361,-56.4275,32.97,53,34,1.48,scattered clouds
Vardo,NO,70.3705,31.1107,-3.01,68,0,2.57,clear sky
Bharuch,IN,21.7,72.9667,29.36,51,0,3.23,clear sky
Teguise,ES,29.0605,-13.564,18.12,64,75,9.26,broken clouds
Coahuayana,MX,18.7333,-103.6833,32.05,44,100,3.49,overcast clouds
Varzea Da Palma,BR,-17.5981,-44.7308,33.44,38,52,3.19,broken clouds
Camopi,GF,3.1655,-52.3158,26.84,86,73,2.55,broken clouds
Sisimiut,GL,66.9395,-53.6735,-3.95,73,58,7.04,broken clouds
Mokhsogollokh,RU,61.4681,128.9203,-10.74,97,100,1.34,overcast clouds
Santiago Del Estero,AR,-27.7951,-64.2615,21.61,55,70,0.11,broken clouds
Saverne,FR,48.8333,7.25,20.07,84,84,1.62,broken clouds
Mahibadhoo,MV,3.7833,72.9667,29.18,74,100,5.73,overcast clouds
Sousa,BR,-6.7592,-38.2281,32.22,44,100,2.93,overcast clouds
Katherine,AU,-14.4667,132.2667,25.18,78,87,1.03,overcast clouds
Pajapan,MX,18.25,-94.7,35.32,35,93,4.34,overcast clouds
Palu,ID,-0.8917,119.8707,24.93,87,98,0.79,overcast clouds
Verkhnetulomskiy,RU,68.6073,31.7962,0.07,93,94,1.16,overcast clouds
Shumskiy,RU,54.8318,99.1328,-2.79,85,12,1.37,few clouds
Butka,RU,56.7179,63.7866,6.12,85,99,3.09,overcast clouds
Luhyny,UA,51.082,28.4006,6.61,64,100,4.06,overcast clouds
Talmenka,RU,53.8183,83.5677,4.1,83,13,3.69,few clouds
Auki,SB,-8.7676,160.7034,24.72,85,21,1.26,few clouds
Sao Desiderio,BR,-12.3633,-44.9733,31.71,42,48,2.34,scattered clouds
Turbat,PK,26.0023,63.044,31.45,25,1,0.25,clear sky
Broken Hill,AU,-31.95,141.4333,13.84,41,0,3.6,clear sky
Aykhal,RU,66,111.5,-6.62,95,100,5.38,overcast clouds
Kirksville,US,40.1948,-92.5833,5.97,83,100,6.69,overcast clouds
Nampula,MZ,-15.1165,39.2666,25.97,73,40,3.6,scattered clouds
Laguna,US,38.421,-121.4238,14.13,52,97,1.34,overcast clouds
Camacha,PT,33.0833,-16.3333,16.68,68,40,5.14,scattered clouds
Varkaus,FI,62.3153,27.873,3.5,89,99,0.76,overcast clouds
Ilulissat,GL,69.2167,-51.1,-9,89,100,2.49,overcast clouds
Chardara,KZ,41.2547,67.9692,18.95,49,0,3.5,clear sky
South Venice,US,27.0531,-82.4243,30.71,59,0,6.17,haze
Catuday,PH,16.2923,119.8062,27.02,68,71,2.9,broken clouds
Broome,US,42.2506,-75.833,23.94,55,81,4.47,broken clouds
Skjervoy,NO,70.0311,20.9714,1,84,83,3.28,broken clouds
Rondonopolis,BR,-16.4708,-54.6356,33.65,45,3,0.87,clear sky
Viedma,AR,-40.8135,-62.9967,18.03,46,21,6,few clouds
Aljezur,PT,37.3191,-8.8033,15.53,79,17,6.47,few clouds
Bosaso,SO,11.2842,49.1816,28.19,61,0,0.65,clear sky
Tank,PK,32.2217,70.3793,27.71,24,2,1.82,clear sky
Pacific Grove,US,36.6177,-121.9166,13.08,55,17,4.02,few clouds
Bara,NG,10.3744,10.7288,31.13,35,72,1.63,broken clouds
Oranjemund,NA,-28.55,16.4333,15.93,89,81,3.47,broken clouds
Springdale,US,36.1867,-94.1288,10.02,95,100,5.14,mist
Sinazongwe,ZM,-17.2614,27.4618,25.79,67,75,1.47,broken clouds
Mabaruma,GY,8.2,-59.7833,29.63,54,47,3.9,scattered clouds
Lae,PG,-6.7221,146.9847,23.6,86,97,3.18,overcast clouds
West Wendover,US,40.7391,-114.0733,3.1,27,81,5.49,broken clouds
Nabire,ID,-3.3667,135.4833,24.29,91,92,1.51,overcast clouds
Merke,KZ,42.8728,73.1786,14.27,79,52,2.59,broken clouds
Pitimbu,BR,-7.4706,-34.8086,31.33,65,100,3.43,overcast clouds
Kalmunai,LK,7.4167,81.8167,26.44,83,64,5.37,broken clouds
Alugan,PH,12.2188,125.4808,23.19,81,100,2.26,overcast clouds
Diamantino,BR,-14.4086,-56.4461,32.47,51,15,1.91,few clouds
Bhuban,IN,20.8833,85.8333,26.45,75,43,1.84,scattered clouds
Kuusamo,FI,65.9667,29.1833,3.02,48,0,1.54,clear sky
Tyrma,RU,50.0833,132.1667,-9.72,97,42,0.77,scattered clouds
Wewak,PG,-3.5534,143.6268,26.3,77,67,2.56,broken clouds
Oussouye,SN,12.485,-16.5469,30.1,49,52,6.01,broken clouds
Carballo,ES,43.213,-8.691,15.68,87,54,1.86,broken clouds
Port-Cartier,CA,50.0334,-66.8654,6.82,98,77,2.19,broken clouds
Ambulu,ID,-8.345,113.6058,23.59,89,17,1.45,few clouds
Kenai,US,60.5544,-151.2583,5.01,83,98,2.34,overcast clouds
Borogontsy,RU,62.6683,131.1683,-13.17,99,99,0.86,overcast clouds
Corsicana,US,32.0954,-96.4689,26.01,78,40,7.72,thunderstorm
Grand-Santi,GF,4.25,-54.3833,26.71,88,86,2.15,overcast clouds
Paamiut,GL,61.994,-49.6678,-0.17,82,96,8.67,overcast clouds
Tarata,BO,-17.6167,-66.0167,23.68,25,2,0.97,clear sky
Abu Samrah,SY,35.3029,37.1841,13.59,40,3,1.31,clear sky
Kawalu,ID,-7.3817,108.2082,22.17,96,80,0.97,broken clouds
Fallon,US,39.4735,-118.7774,7.47,21,89,4.85,overcast clouds
Babushkin,RU,51.7122,105.8647,-4.94,89,77,2.02,broken clouds
Garmsar,IR,35.2182,52.3409,25.81,8,5,5.54,clear sky
Medicine Hat,CA,50.0501,-110.6683,-5.99,74,100,3.6,overcast clouds
Nome,US,64.5011,-165.4064,-5.65,85,42,2.97,scattered clouds
Villa Rica,US,33.7321,-84.9191,26.45,65,99,6.03,overcast clouds
San-Pedro,CI,4.7485,-6.6363,27.24,82,100,6.26,moderate rain
San Julian,MX,21.0167,-102.1667,26.68,19,33,5.33,scattered clouds
Lahaina,US,20.8783,-156.6825,24.89,79,85,3.39,overcast clouds
Menongue,AO,-14.6585,17.691,17.55,94,97,2.34,moderate rain
Achi,CO,8.5682,-74.554,33.48,55,97,1.52,overcast clouds
Dalianwan,CN,39.0286,121.695,6.02,70,0,2,clear sky
Salawagan,PH,7.7053,125.115,21.97,97,100,0.58,overcast clouds
Torrijos,ES,39.9819,-4.2835,18.93,49,85,4.94,overcast clouds
Gisors,FR,49.2818,1.7801,17.6,82,100,1.14,overcast clouds
Panaba,MX,21.2833,-88.2667,36.09,34,77,8.34,broken clouds
